,article_length,country,id,lat,lon,other_years,poptype,settlement_type,state,title,y1790,y1800,y1810,y1820,y1830,y1840,y1850,y1860,y1870,y1880,y1890,y1900,y1910,y1920,y1930,y1940,y1950,y1960,y1970,y1980,y1990,y2000,y2010
12,15510,US,108531,39.5797222222,-105.103888889,,Census,Cdp,CO,"Ken Caryl, Colorado",0,0,0,0,0,0,0,0,0,0,0,0,0,0,0.0,0,0,0.0,0.0,10661.0,24391.0,30887.0,32438.0
79,15006,US,108650,40.9358333333,-102.525277778,,Census,Town,CO,"Sedgwick, Colorado",0,0,0,0,0,0,0,0,0,0,0,0,0,380,444.0,373,332,299.0,208.0,258.0,183.0,191.0,146.0
80,10926,US,108649,40.96,-102.388888889,,Census,Town,CO,"Ovid, Colorado",0,0,0,0,0,0,0,0,0,0,0,0,0,0,649.0,687,664,571.0,463.0,439.0,349.0,330.0,318.0
97,3982,US,14624068,39.7958333333,-105.534444444,,Census,Unknown,CO,"Nevadaville, Colorado",0,0,0,0,0,0,0,0,973,1084,933,823,367,51,2.0,25,6,0.0,0.0,0.0,0.0,0.0,0.0
159,12603,US,108432,38.2197222222,-103.757222222,,Census,Town,CO,"Ordway, Colorado",0,0,0,0,0,0,0,0,0,0,0,138,705,1186,1139.0,1150,1290,1254.0,1017.0,1135.0,1025.0,1248.0,1080.0
187,26099,US,108565,37.1708333333,-104.506388889,,Census,Town,CO,"Trinidad, Colorado",0,0,0,0,0,0,0,0,562,2226,5523,5345,10204,10906,11732.0,13223,12204,10691.0,9901.0,9663.0,8580.0,9078.0,9096.0
264,11219,US,108540,38.4683333333,-102.293055556,,Census,Town,CO,"Sheridan Lake, Colorado",0,0,0,0,0,0,0,0,0,0,0,0,0,0,0.0,0,0,90.0,86.0,87.0,95.0,66.0,88.0
265,1504,US,31052307,38.081,-107.701,,Census,Unknown,CO,"Portland, Colorado",0,0,0,0,0,0,0,0,0,0,0,0,0,0,0.0,0,0,0.0,0.0,0.0,0.0,0.0,0.0
298,831,US,40518291,40.28749,-103.82745,,Census,Census-designated place,CO,"Morgan Heights, Colorado",0,0,0,0,0,0,0,0,0,0,0,0,0,0,0.0,0,0,0.0,0.0,0.0,0.0,0.0,0.0
339,12011,US,108571,40.858752,-102.801392,,Census,Statutory town,CO,"Crook, Colorado",0,0,0,0,0,0,0,0,0,0,0,0,0,232,251.0,236,259,209.0,199.0,177.0,148.0,128.0,110.0
360,36761,US,43345,37.9391666667,-107.816388889,,Census,Town,CO,"Telluride, Colorado",0,0,0,0,0,0,0,0,0,0,766,2446,1756,1618,512.0,1337,1101,677.0,553.0,1047.0,1309.0,2221.0,2325.0
453,16889,US,108524,40.7305555556,-106.281944444,,Census,Town,CO,"Walden, Colorado",0,0,0,0,0,0,0,0,0,0,64,141,162,260,284.0,668,696,809.0,907.0,947.0,890.0,734.0,608.0
535,12788,US,108439,38.7991666667,-107.716944444,,Census,Statutory town,CO,"Hotchkiss, Colorado",0,0,0,0,0,0,0,0,0,0,0,261,600,572,541.0,653,715,626.0,507.0,849.0,744.0,968.0,944.0
615,10183,US,108387,37.0208333333,-107.421388889,,Census,Census-designated place,CO,"Arboles, Colorado",0,0,0,0,0,0,0,0,0,0,0,0,0,0,0.0,0,0,0.0,0.0,0.0,0.0,0.0,0.0
707,24776,US,60594,37.475041,-105.875314,,Census,Home rule municipality,CO,"Alamosa, Colorado",0,0,0,0,0,0,0,0,0,802,973,1141,3013,3171,5107.0,5613,5354,6205.0,6985.0,6830.0,7579.0,7960.0,8780.0
751,55277,US,48922,39.25,-106.291666667,,Census,Statutory city,CO,"Leadville, Colorado",0,0,0,0,0,0,0,0,0,14820,10384,12455,7508,4959,3771.0,4774,4081,4008.0,4314.0,3879.0,2629.0,2821.0,2602.0
782,36682,US,108521,38.03,-107.310277778,,Census,Statutory town,CO,"Lake City, Colorado",0,0,0,0,0,0,0,0,0,0,607,700,405,317,259.0,185,141,106.0,91.0,206.0,223.0,375.0,408.0
838,12208,US,108564,37.1169444444,-104.523333333,,Census,Town,CO,"Starkville, Colorado",0,0,0,0,0,0,0,0,0,0,928,0,0,0,0.0,0,0,261.0,166.0,127.0,104.0,128.0,59.0
846,15679,US,108420,39.6958333333,-105.726111111,,Census,Town,CO,"Silver Plume, Colorado",0,0,0,0,0,0,0,0,0,0,908,775,460,272,126.0,139,136,86.0,164.0,140.0,134.0,203.0,170.0
894,14753,US,108373,39.626594,-105.050914,,Census,Statutory town,CO,"Bow Mar, Colorado",0,0,0,0,0,0,0,0,0,0,0,0,0,0,0.0,0,0,748.0,945.0,930.0,854.0,847.0,866.0
904,14838,US,108538,38.481346,-102.779776,,Census,Statutory town,CO,"Eads, Colorado",0,0,0,0,0,0,0,0,0,0,0,0,0,406,518.0,700,1015,929.0,795.0,878.0,780.0,747.0,609.0
1011,12209,US,108570,40.5452777778,-103.273611111,,Census,Cdp,CO,"Atwood, Colorado",0,0,0,0,0,0,0,0,0,0,0,0,0,0,0.0,0,0,0.0,0.0,0.0,0.0,0.0,0.0
1042,11650,US,108378,39.59958,-105.030771,,Census,Statutory town,CO,"Columbine Valley, Colorado",0,0,0,0,0,0,0,0,0,0,0,0,0,0,0.0,0,0,0.0,481.0,923.0,1071.0,1132.0,1256.0
1089,8819,US,1826276,39.8722222222,-106.300555556,,Census,Town,CO,"Heeney, Colorado",0,0,0,0,0,0,0,0,0,0,0,0,0,0,0.0,0,0,0.0,0.0,0.0,0.0,0.0,0.0
1119,6142,US,31016951,39.4091666667,-107.168333333,,Census,Census-designated place,CO,"Mulford, Colorado",0,0,0,0,0,0,0,0,0,0,0,0,0,0,0.0,0,0,0.0,0.0,0.0,0.0,0.0,0.0
1129,15818,US,108396,40.2025,-105.513333333,,Census,Census-designated place,CO,"Allenspark, Colorado",0,0,0,0,0,0,0,0,0,0,0,0,0,0,0.0,0,0,0.0,0.0,0.0,0.0,0.0,0.0
1142,849,US,40477841,37.9969444444,-103.531944444,,Census,Census-designated place,CO,"North La Junta, Colorado",0,0,0,0,0,0,0,0,0,0,0,0,0,0,0.0,0,0,0.0,0.0,0.0,0.0,0.0,0.0
1272,11415,US,108622,38.155,-102.719166667,,Census,Town,CO,"Wiley, Colorado",0,0,0,0,0,0,0,0,0,0,0,0,197,565,589.0,413,417,383.0,357.0,425.0,406.0,483.0,405.0
1335,12674,US,40836569,39.4619444444,-104.894444444,,Census,Cdp,CO,"Castle Pines CDP, Colorado",0,0,0,0,0,0,0,0,0,0,0,0,0,0,0.0,0,0,0.0,0.0,0.0,0.0,0.0,0.0
1446,11922,US,108416,38.7638888889,-102.793888889,,Census,Statutory town,CO,"Kit Carson, Colorado",0,0,0,0,0,0,0,0,0,0,0,0,0,0,0.0,333,379,356.0,220.0,278.0,305.0,253.0,233.0
1456,6287,US,31016936,39.4030555556,-107.129166667,,Census,Census-designated place,CO,"Catherine, Colorado",0,0,0,0,0,0,0,0,0,0,0,0,0,0,0.0,0,0,0.0,0.0,0.0,0.0,0.0,0.0
1494,7461,US,8724893,40.2322222222,-106.943055556,,Census,Cdp,CO,"Phippsburg, Colorado",0,0,0,0,0,0,0,0,0,0,0,0,0,0,0.0,0,0,0.0,0.0,0.0,0.0,0.0,0.0
1524,22914,US,97004,38.09,-105.36,,Census,US County,CO,"Custer County, Colorado",0,0,0,0,0,0,0,0,0,8080,2970,2937,1947,2172,2124.0,2270,1573,1305.0,1120.0,1528.0,1926.0,3503.0,4255.0
1553,11671,US,108393,37.3741666667,-102.446944444,,Census,Town,CO,"Vilas, Colorado",0,0,0,0,0,0,0,0,0,0,0,0,0,0,0.0,129,132,107.0,83.0,118.0,105.0,110.0,114.0
1628,11649,US,108425,37.1725,-105.984722222,,Census,Town,CO,"Romeo, Colorado",0,0,0,0,0,0,0,0,0,0,0,0,0,0,188.0,392,404,339.0,352.0,308.0,341.0,375.0,404.0
1642,9251,US,14071033,38.0972222222,-105.336111111,,Census,Town,CO,"Rosita, Colorado",0,0,0,0,0,0,0,0,0,1008,304,110,42,45,27.0,0,0,0.0,0.0,0.0,0.0,0.0,0.0
1685,9420,US,108417,39.7663888889,-105.615277778,,Census,Census-designated place (cdp),CO,"Downieville-Lawson-Dumont, Colorado",0,0,0,0,0,0,0,0,0,0,0,0,0,0,0.0,0,0,0.0,0.0,0.0,0.0,0.0,0.0
1741,10276,US,5908296,39.22,-104.536666667,,Census,Census-designated place,CO,"Elbert, Colorado",0,0,0,0,0,0,0,0,0,0,0,0,0,0,0.0,0,0,0.0,0.0,0.0,0.0,0.0,0.0
1760,11688,US,108390,37.3691666667,-102.86,,Census,Town,CO,"Pritchett, Colorado",0,0,0,0,0,0,0,0,0,0,0,0,0,0,451.0,495,286,247.0,170.0,183.0,153.0,137.0,140.0
1861,10087,US,108651,39.448494,-106.036774,,Census,Statutory town,CO,"Blue River, Colorado",0,0,0,0,0,0,0,0,0,0,0,0,0,0,0.0,0,0,0.0,8.0,230.0,440.0,685.0,849.0
1872,10273,US,108532,39.6561111111,-105.299444444,,Census,Cdp,CO,"Kittredge, Colorado",0,0,0,0,0,0,0,0,0,0,0,0,0,0,0.0,0,0,0.0,0.0,0.0,0.0,0.0,0.0
1907,9485,US,8746692,37.2230555556,-105.665277778,,Census,Census-designated place,CO,"San Acacio, Colorado",0,0,0,0,0,0,0,0,0,0,0,0,0,0,0.0,0,0,0.0,0.0,0.0,0.0,0.0,0.0
1909,16300,US,108385,39.6488888889,-105.017777778,,Census,City,CO,"Sheridan, Colorado",0,0,0,0,0,0,0,0,0,0,0,442,498,455,587.0,712,1715,3559.0,4787.0,5377.0,4976.0,5600.0,5664.0
2047,18290,US,108354,39.74599,-104.442841,,Census,Statutory town,CO,"Bennett, Colorado",0,0,0,0,0,0,0,0,0,0,0,0,0,0,211.0,199,272,287.0,613.0,942.0,1757.0,2021.0,2308.0
2099,9195,US,1533236,39.2708333333,-106.886111111,,Census,Census-designated place (cdp),CO,"Woody Creek, Colorado",0,0,0,0,0,0,0,0,0,0,0,0,0,0,0.0,0,0,0.0,0.0,0.0,0.0,0.0,0.0
2177,40286,US,108672,40.4166666667,-104.716666667,,Census,Home rule municipality,CO,"Greeley, Colorado",0,0,0,0,0,0,0,0,480,1297,2395,3023,8179,10958,12203.0,15995,20354,26314.0,38902.0,53006.0,60536.0,76930.0,92889.0
2347,20396,US,48987,39.79579,-105.514835,,Census,Home rule municipality,CO,"Central City, Colorado",0,0,0,0,0,0,0,598,2360,2626,2480,3114,1782,552,572.0,706,371,250.0,228.0,329.0,335.0,515.0,663.0
2401,17807,US,96962,40.59,-102.35,,Census,US County,CO,"Phillips County, Colorado",0,0,0,0,0,0,0,0,0,0,2642,1583,3179,5499,5797.0,4948,4924,4440.0,4131.0,4542.0,4189.0,4480.0,4442.0
2445,36798,US,108517,38.5444444444,-106.928333333,,Census,Home rule municipality,CO,"Gunnison, Colorado",0,0,0,0,0,0,0,0,0,888,1105,1200,1026,1329,1415.0,2177,2770,3477.0,4613.0,5785.0,4636.0,5409.0,5854.0
2509,14322,US,108579,39.240016,-107.963956,,Census,Statutory town,CO,"Collbran, Colorado",0,0,0,0,0,0,0,0,0,0,0,0,156,286,341.0,301,237,310.0,225.0,344.0,228.0,388.0,708.0
2516,11047,US,8746672,39.1805555556,-107.239444444,,Census,Unincorporated cdp,CO,"Redstone, Colorado",0,0,0,0,0,0,0,0,0,0,0,0,0,0,0.0,0,0,0.0,0.0,0.0,0.0,0.0,0.0
2590,18071,US,108556,40.8077777778,-105.578611111,,Census,Census-designated place (cdp),CO,"Red Feather Lakes, Colorado",0,0,0,0,0,0,0,0,0,0,0,0,0,0,0.0,0,0,0.0,0.0,0.0,0.0,0.0,0.0
2774,11071,US,108545,39.3030555556,-102.604166667,,Census,Town,CO,"Stratton, Colorado",0,0,0,0,0,0,0,0,0,0,0,0,0,421,507.0,623,720,680.0,790.0,705.0,649.0,669.0,658.0
2836,9632,US,108355,39.8038888889,-105.026666667,,Census,Census-designated place (cdp) &amp; unincorporated community,CO,"Berkley, Colorado",0,0,0,0,0,0,0,0,0,0,0,0,0,0,0.0,0,0,0.0,0.0,0.0,0.0,0.0,0.0
2883,17048,US,108442,37.766665,-108.906297,,Census,Statutory town,CO,"Dove Creek, Colorado",0,0,0,0,0,0,0,0,0,0,0,0,0,0,0.0,418,702,986.0,619.0,826.0,643.0,698.0,735.0
2896,10339,US,5927570,39.745,-104.606944444,,Census,Census-designated place,CO,"Watkins, Colorado",0,0,0,0,0,0,0,0,0,0,0,0,0,0,0.0,0,0,0.0,0.0,0.0,0.0,0.0,0.0
2926,11607,US,108500,38.3836111111,-105.160277778,,Census,Statutory town,CO,"Williamsburg, Colorado",0,0,0,0,0,0,0,0,0,0,0,337,556,402,155.0,97,65,57.0,75.0,72.0,253.0,714.0,662.0
2970,9302,US,108487,38.7755555556,-104.781944444,,Census,Census-designated place,CO,"Stratmoor, Colorado",0,0,0,0,0,0,0,0,0,0,0,0,0,0,0.0,0,0,0.0,0.0,0.0,0.0,0.0,0.0
3039,15663,US,108659,38.9983333333,-105.056388889,,Census,City,CO,"Woodland Park, Colorado",0,0,0,0,0,0,0,0,0,0,0,269,163,125,194.0,372,391,666.0,1022.0,2634.0,4610.0,6515.0,7200.0
3320,22296,US,108594,38.4769444444,-107.865555556,,Census,Home rule municipality,CO,"Montrose, Colorado",0,0,0,0,0,0,0,0,0,0,1330,1217,3254,3581,3566.0,4764,4964,5044.0,6496.0,8722.0,8854.0,12344.0,19132.0
3370,17317,US,108657,39.6383333333,-106.076388889,,Census,Town,CO,"Silverthorne, Colorado",0,0,0,0,0,0,0,0,0,0,0,0,0,0,0.0,0,0,0.0,400.0,989.0,1768.0,3196.0,3887.0
3454,27957,US,108638,40.4763888889,-106.826666667,,Census,City,CO,"Steamboat Springs, Colorado",0,0,0,0,0,0,0,0,0,0,0,0,1227,1249,1198.0,1613,1913,1843.0,2340.0,5098.0,6695.0,9815.0,12088.0
3482,19242,US,96976,37.69,-106.93,,Census,US County,CO,"Mineral County, Colorado",0,0,0,0,0,0,0,0,0,0,0,1913,1239,779,640.0,975,698,424.0,786.0,804.0,558.0,831.0,712.0
3520,14906,US,108607,38.0511111111,-103.721388889,,Census,City,CO,"Rocky Ford, Colorado",0,0,0,0,0,0,0,0,0,47,468,2018,3230,3746,3426.0,3493,4087,4929.0,4859.0,4804.0,4162.0,4286.0,3957.0
3925,15585,US,108670,40.3947222222,-104.688611111,,Census,Statutory town,CO,"Garden City, Colorado",0,0,0,0,0,0,0,0,0,0,0,0,0,0,0.0,87,104,129.0,142.0,85.0,199.0,357.0,234.0
3939,10254,US,10739971,38.8480555556,-104.864166667,,Census,,CO,Old Colorado City,0,0,0,0,0,0,0,0,81,347,1788,2914,4333,0,0.0,0,0,0.0,0.0,0.0,0.0,0.0,0.0
4044,15955,US,108418,39.75971,-105.682813,,Census,Statutory town,CO,"Empire, Colorado",0,0,0,0,0,0,0,0,0,0,134,276,179,105,93.0,174,228,110.0,249.0,423.0,401.0,355.0,282.0
4196,22389,US,96977,39.02,-108.47,,Census,US County,CO,"Mesa County, Colorado",0,0,0,0,0,0,0,0,0,0,4260,9267,22197,22281,25908.0,33791,38794,50715.0,54734.0,81530.0,93145.0,116255.0,146723.0
4216,19548,US,108382,39.7025,-104.933888889,,Census,Home rule municipality,CO,"Glendale, Colorado",0,0,0,0,0,0,0,0,0,0,0,0,0,0,0.0,0,0,468.0,765.0,2496.0,2453.0,4547.0,4184.0
4217,9066,US,108629,38.2419444444,-104.584722222,,Census,Cdp,CO,"Salt Creek, Colorado",0,0,0,0,0,0,0,0,0,0,0,0,0,0,0.0,0,0,0.0,0.0,0.0,0.0,0.0,0.0
4223,9277,US,108624,38.0722222222,-104.963333333,,Census,Cdp,CO,"Beulah Valley, Colorado",0,0,0,0,0,0,0,0,0,0,0,0,0,0,0.0,0,0,0.0,0.0,0.0,0.0,0.0,0.0
4420,11624,US,108576,40.9616666667,-103.111944444,,Census,Town,CO,"Peetz, Colorado",0,0,0,0,0,0,0,0,0,0,0,0,0,322,244.0,207,232,218.0,186.0,220.0,179.0,227.0,238.0
4425,10705,US,108608,38.0147222222,-103.627777778,,Census,Town,CO,"Swink, Colorado",0,0,0,0,0,0,0,0,0,0,0,0,310,465,418.0,374,336,348.0,381.0,668.0,584.0,696.0,617.0
4503,11970,US,108682,40.7038888889,-104.780833333,,Census,Town,CO,"Nunn, Colorado",0,0,0,0,0,0,0,0,0,0,0,0,143,149,196.0,190,182,228.0,269.0,295.0,324.0,471.0,416.0
4594,13622,US,108539,38.4516666667,-103.163055556,,Census,Statutory town,CO,"Haswell, Colorado",0,0,0,0,0,0,0,0,0,0,0,0,0,0,156.0,163,163,169.0,135.0,126.0,62.0,84.0,68.0
4627,17801,US,108617,39.2141666667,-106.945277778,,Census,Town,CO,"Snowmass Village, Colorado",0,0,0,0,0,0,0,0,0,0,0,0,0,0,0.0,0,0,0.0,0.0,999.0,1449.0,1822.0,2826.0
4821,15073,US,108422,37.076605,-106.010222,,Census,Statutory town,CO,"Antonito, Colorado",0,0,0,0,0,0,0,0,0,0,315,347,681,946,858.0,1220,1255,1045.0,1113.0,1103.0,875.0,873.0,781.0
4852,9713,US,108647,37.9947222222,-108.001111111,,Census,Town,CO,"Sawpit, Colorado",0,0,0,0,0,0,0,0,0,0,0,94,121,0,0.0,0,0,30.0,26.0,41.0,36.0,25.0,40.0
4864,13369,US,108615,40.5819444444,-102.301111111,,Census,Home rule municipality,CO,"Holyoke, Colorado",0,0,0,0,0,0,0,0,0,0,649,451,659,1205,1226.0,1150,1558,1555.0,1640.0,2092.0,1931.0,2261.0,2313.0
4917,7289,US,31008458,40.0497222222,-105.1025,,Census,Census-designated place,CO,"Leyner, Colorado",0,0,0,0,0,0,0,0,0,0,0,0,0,0,0.0,0,0,0.0,0.0,0.0,0.0,0.0,0.0
5067,150676,US,8522,39.76185,-104.881105,,Census,Consolidated city-county,CO,Denver,0,0,0,0,0,0,0,4749,4759,35629,106713,133859,213381,256491,287861.0,322412,415765,493887.0,514678.0,492686.0,467610.0,554636.0,600158.0
5093,2710,US,18060765,39.7786111111,-105.536944444,,Census,Unknown,CO,"Russell Gulch, Colorado",0,0,0,0,0,0,0,479,0,543,673,728,654,0,75.0,0,0,0.0,0.0,0.0,0.0,0.0,0.0
5130,15483,US,108620,38.0544444444,-102.125277778,,Census,Statutory town,CO,"Holly, Colorado",0,0,0,0,0,0,0,0,0,0,0,364,724,940,971.0,864,1236,1108.0,993.0,969.0,877.0,1048.0,802.0
5143,19769,US,96954,40.48,-106.99,,Census,US County,CO,"Routt County, Colorado",0,0,0,0,0,0,0,0,0,140,2369,3661,7561,8948,9352.0,10525,8940,5900.0,6592.0,13404.0,14088.0,19690.0,23509.0
5207,12323,US,108625,38.250445,-104.260792,,Census,Statutory town,CO,"Boone, Colorado",0,0,0,0,0,0,0,0,0,0,0,0,0,0,0.0,0,0,548.0,448.0,431.0,341.0,323.0,339.0
5333,20352,US,96989,37.69,-104.96,,Census,US County,CO,"Huerfano County, Colorado",0,0,0,0,0,0,0,0,2250,4124,6882,8395,13320,16879,17062.0,16088,10549,7867.0,6590.0,6440.0,6009.0,7862.0,6711.0
5369,10772,US,108458,39.4377777778,-104.964166667,,Census,Census-designated place,CO,"Sedalia, Colorado",0,0,0,0,0,0,0,0,0,0,0,0,0,0,0.0,0,0,0.0,0.0,0.0,0.0,0.0,0.0
5394,6095,US,31016939,39.4691666667,-107.265277778,,Census,Census-designated place,CO,"Cattle Creek, Colorado",0,0,0,0,0,0,0,0,0,0,0,0,0,0,0.0,0,0,0.0,0.0,0.0,0.0,0.0,0.0
5484,15339,US,108474,39.034438,-104.299139,,Census,Statutory town,CO,"Calhan, Colorado",0,0,0,0,0,0,0,0,0,0,0,0,0,0,399.0,352,375,347.0,465.0,541.0,562.0,896.0,780.0
5510,16553,US,108469,39.5872222222,-106.429722222,,Census,Home rule municipality,CO,"Minturn, Colorado",0,0,0,0,0,0,0,0,0,0,0,0,241,298,400.0,596,509,662.0,706.0,1060.0,1066.0,1068.0,1027.0
5524,7449,US,31008462,40.0238888889,-105.380555556,,Census,Census-designated place,CO,"Mountain Meadows, Colorado",0,0,0,0,0,0,0,0,0,0,0,0,0,0,0.0,0,0,0.0,0.0,0.0,0.0,0.0,0.0
5534,11391,US,108655,39.6041666667,-105.948055556,,Census,Cdp,CO,"Keystone, Colorado",0,0,0,0,0,0,0,0,0,0,0,0,0,0,0.0,0,0,0.0,0.0,0.0,0.0,0.0,0.0
5550,12525,US,108689,40.1227777778,-102.725,,Census,City,CO,"Yuma, Colorado",0,0,0,0,0,0,0,0,0,0,241,139,333,1177,1360.0,1606,1908,1919.0,2259.0,2824.0,2719.0,3285.0,3524.0
5684,11671,US,108676,40.1088888889,-104.520277778,,Census,Statutory town,CO,"Keenesburg, Colorado",0,0,0,0,0,0,0,0,0,0,0,0,0,164,297.0,284,432,409.0,427.0,541.0,570.0,855.0,1127.0
5716,7298,US,31008560,40.0658333333,-105.366666667,,Census,Census-designated place,CO,"Sunshine, Colorado",0,0,0,0,0,0,0,0,0,0,0,0,0,0,0.0,0,0,0.0,0.0,0.0,0.0,0.0,0.0
5788,2275,US,7794308,39.6344444444,-104.882777778,,Census,Unknown,CO,"Cherry Creek, Colorado",0,0,0,0,0,0,0,0,0,0,0,0,0,0,0.0,0,0,0.0,0.0,0.0,0.0,0.0,0.0
5855,20054,US,108356,39.96479,-104.796581,,Census,Home rule municipality,CO,"Brighton, Colorado",0,0,0,0,0,0,0,0,0,0,306,366,850,2715,3394.0,4029,4336,7055.0,8309.0,12773.0,14203.0,20905.0,33352.0
5882,27585,US,96995,38.48,-105.44,,Census,US County,CO,"Fremont County, Colorado",0,0,0,0,0,0,0,0,1064,4735,9156,15636,18181,17883,18896.0,19742,18366,20196.0,21942.0,28676.0,32273.0,46145.0,46824.0
5984,1042,US,40531750,,,,Census,Census-designated place,CO,"Trail Side, Colorado",0,0,0,0,0,0,0,0,0,0,0,0,0,0,0.0,0,0,0.0,0.0,0.0,0.0,0.0,0.0
5986,1871,US,31046544,38.5516666667,-106.292222222,,Census,Unknown,CO,"Garfield, Colorado",0,0,0,0,0,0,0,0,0,0,0,0,0,0,0.0,0,0,0.0,0.0,0.0,0.0,0.0,0.0
6055,13046,US,108681,40.3311111111,-104.86,,Census,Statutory town,CO,"Milliken, Colorado",0,0,0,0,0,0,0,0,0,0,0,0,0,372,483.0,531,510,630.0,702.0,1506.0,1605.0,2888.0,5610.0
6089,21210,US,96981,37.32,-104.04,,Census,US County,CO,"Las Animas County, Colorado",0,0,0,0,0,0,0,0,4276,8903,17208,21842,33643,38975,36008.0,32369,25902,19983.0,15744.0,14897.0,13765.0,15207.0,15507.0
6113,13726,US,108515,39.9041666667,-105.779166667,,Census,Town,CO,"Winter Park, Colorado",0,0,0,0,0,0,0,0,0,0,0,0,0,0,0.0,0,0,0.0,0.0,480.0,528.0,662.0,999.0
6133,12606,US,108504,39.5722222222,-107.535,,Census,Town,CO,"New Castle, Colorado",0,0,0,0,0,0,0,0,0,0,311,431,493,447,470.0,484,483,447.0,499.0,563.0,679.0,1984.0,4518.0
6136,28722,US,96987,39.59,-105.25,,Census,US County,CO,"Jefferson County, Colorado",0,0,0,0,0,0,0,0,2390,6804,8450,9306,14231,14400,21810.0,30725,55687,127520.0,233031.0,371753.0,438430.0,527056.0,534543.0
6154,20262,US,96945,40.0,-102.42,,Census,US County,CO,"Yuma County, Colorado",0,0,0,0,0,0,0,0,0,0,2596,1729,8499,13897,13613.0,12102,10827,8912.0,8544.0,9682.0,8954.0,9841.0,10043.0
6209,2125,US,31007868,39.5922222222,-104.460555556,,Census,Unknown,CO,"Brick Center, Colorado",0,0,0,0,0,0,0,0,0,0,0,0,0,0,0.0,0,0,0.0,0.0,0.0,0.0,0.0,0.0
6248,10299,US,108366,39.9813888889,-104.869444444,,Census,Census-designated place (cdp) &amp; unincorporated community,CO,"Todd Creek, Colorado",0,0,0,0,0,0,0,0,0,0,0,0,0,0,0.0,0,0,0.0,0.0,0.0,0.0,0.0,0.0
6273,13871,US,108470,39.5105555556,-106.373333333,,Census,Town,CO,"Red Cliff, Colorado",0,0,0,0,0,0,0,0,0,0,383,256,383,347,544.0,715,556,586.0,621.0,409.0,297.0,289.0,267.0
6317,6101,US,31016943,39.5786111111,-107.450555556,,Census,Census-designated place,CO,"Chacra, Colorado",0,0,0,0,0,0,0,0,0,0,0,0,0,0,0.0,0,0,0.0,0.0,0.0,0.0,0.0,0.0
6391,9583,US,123728,38.7447222222,-104.723333333,,Census,Census-designated place,CO,"Security-Widefield, Colorado",0,0,0,0,0,0,0,0,0,0,0,0,0,0,0.0,0,0,0.0,0.0,0.0,0.0,0.0,0.0
6413,12424,US,108430,38.193506,-103.859744,,Census,Statutory town,CO,"Crowley, Colorado",0,0,0,0,0,0,0,0,0,0,0,0,0,224,323.0,318,379,265.0,216.0,192.0,225.0,187.0,176.0
6436,12876,US,108654,39.5775,-106.096666667,,Census,Home rule municipality,CO,"Frisco, Colorado",0,0,0,0,0,0,0,0,0,48,0,0,0,0,18.0,60,87,316.0,471.0,1221.0,1601.0,2443.0,2683.0
6754,22212,US,108358,39.882968,-104.795452,,Census,Home rule municipality,CO,"Commerce City, Colorado",0,0,0,0,0,0,0,0,0,0,0,0,0,0,0.0,0,0,8970.0,17407.0,16234.0,16466.0,20991.0,45913.0
6786,19815,US,96951,38.01,-108.43,,Census,US County,CO,"San Miguel County, Colorado",0,0,0,0,0,0,0,0,0,0,2909,5379,4700,5281,2184.0,3664,2693,2944.0,1949.0,3192.0,3653.0,6594.0,7359.0
6842,19705,US,97015,37.19,-107.05,,Census,US County,CO,"Archuleta County, Colorado",0,0,0,0,0,0,0,0,0,0,826,2117,3302,3590,3204.0,3806,3030,2629.0,2733.0,3664.0,5345.0,9898.0,12084.0
6951,21927,US,97005,38.33,-103.79,,Census,US County,CO,"Crowley County, Colorado",0,0,0,0,0,0,0,0,0,0,0,0,0,6383,5934.0,5398,5222,3978.0,3086.0,2988.0,3946.0,5518.0,5823.0
6956,21876,US,108412,38.829332,-106.139515,,Census,Statutory town,CO,"Buena Vista, Colorado",0,0,0,0,0,0,0,0,0,2141,0,1006,1041,903,751.0,779,783,1806.0,1962.0,2075.0,1752.0,2195.0,2617.0
7103,2096,US,31007919,39.6797222222,-104.114166667,,Census,Unknown,CO,"Peoria, Colorado",0,0,0,0,0,0,0,0,0,0,0,0,0,0,0.0,0,0,0.0,0.0,0.0,0.0,0.0,0.0
7182,13689,US,108507,39.5463888889,-107.651944444,,Census,Town,CO,"Silt, Colorado",0,0,0,0,0,0,0,0,0,0,0,0,0,165,264.0,359,361,384.0,434.0,923.0,1095.0,1740.0,2930.0
7345,10029,US,108683,40.635,-104.754444444,,Census,Town,CO,"Pierce, Colorado",0,0,0,0,0,0,0,0,0,0,0,0,0,327,281.0,343,372,424.0,452.0,878.0,823.0,884.0,834.0
7347,13008,US,108560,37.403626,-104.655036,,Census,Statutory town,CO,"Aguilar, Colorado",0,0,0,0,0,0,0,0,0,0,0,698,858,1236,1383.0,1397,1038,777.0,699.0,624.0,520.0,593.0,538.0
7399,27462,US,108610,38.0233333333,-107.672222222,,Census,City,CO,"Ouray, Colorado",0,0,0,0,0,0,0,0,0,864,2534,2196,1644,1165,707.0,951,1089,785.0,741.0,684.0,644.0,813.0,1000.0
7470,20609,US,108535,39.6516666667,-105.190277778,,Census,Town,CO,"Morrison, Colorado",0,0,0,0,0,0,0,0,0,186,254,0,251,195,177.0,216,306,426.0,439.0,478.0,465.0,430.0,428.0
7488,11334,US,108677,40.3861111111,-104.561388889,,Census,Statutory town,CO,"Kersey, Colorado",0,0,0,0,0,0,0,0,0,0,0,0,304,319,307.0,268,304,378.0,474.0,913.0,863.0,1406.0,1454.0
7692,11897,US,108674,40.0725,-104.64,,Census,Statutory town,CO,"Hudson, Colorado",0,0,0,0,0,0,0,0,0,0,0,0,0,322,346.0,295,365,430.0,518.0,698.0,918.0,1565.0,2356.0
7725,2088,US,31008079,39.7925,-105.171111111,,Census,Unknown,CO,"Fairmount, Colorado",0,0,0,0,0,0,0,0,0,0,0,0,0,0,0.0,0,0,0.0,0.0,0.0,0.0,0.0,0.0
7763,2564,US,31052300,38.325,-107.779722222,,Census,Unknown,CO,"Colona, Colorado",0,0,0,0,0,0,0,0,0,0,0,0,0,0,0.0,0,0,0.0,0.0,0.0,0.0,0.0,0.0
7806,11814,US,108678,40.3505555556,-104.702777778,,Census,Statutory town,CO,"LaSalle, Colorado",0,0,0,0,0,0,0,0,0,0,0,0,0,460,564.0,755,797,1070.0,1227.0,1929.0,1783.0,1849.0,1955.0
8024,12717,US,108403,40.1155555556,-105.3875,,Census,Statutory town,CO,"Jamestown, Colorado",0,0,0,0,0,0,0,0,0,0,212,164,157,150,69.0,190,118,107.0,185.0,223.0,251.0,205.0,274.0
8051,11867,US,8724854,39.0294444444,-104.482777778,,Census,Census-designated place,CO,"Peyton, Colorado",0,0,0,0,0,0,0,0,0,0,0,0,0,0,0.0,0,0,0.0,0.0,0.0,0.0,0.0,0.0
8129,5289,US,108386,39.591735,-104.956963,,Census,Unknown,CO,"Southglenn, Colorado",0,0,0,0,0,0,0,0,0,0,0,0,0,0,0.0,0,0,0.0,22899.0,37787.0,43087.0,43520.0,0.0
8160,15607,US,108598,40.2581366,-103.6321598,,Census,Statutory city,CO,"Brush, Colorado",0,0,0,0,0,0,0,0,0,0,112,381,997,2103,2312.0,2481,2431,3621.0,3377.0,4082.0,4165.0,5117.0,5463.0
8173,7805,US,8647780,39.6558333333,-102.675,,Census,Cdp,CO,"Joes, Colorado",0,0,0,0,0,0,0,0,0,0,0,0,0,0,0.0,0,0,0.0,0.0,0.0,0.0,0.0,0.0
8252,7928,US,8397841,38.4469444444,-102.439722222,,Census,Cdp,CO,"Brandon, Colorado",0,0,0,0,0,0,0,0,0,0,0,0,0,0,0.0,0,0,0.0,0.0,0.0,0.0,0.0,0.0
8284,23859,US,96949,39.5,-106.05,,Census,US County,CO,"Summit County, Colorado",0,0,0,0,0,0,0,0,258,5459,1906,2744,2003,1724,987.0,1754,1135,2073.0,2665.0,8848.0,12281.0,23548.0,27994.0
8340,12001,US,108360,39.8661111111,-105.014166667,,Census,Home rule municipality,CO,"Federal Heights, Colorado",0,0,0,0,0,0,0,0,0,0,0,0,0,0,0.0,0,173,391.0,1502.0,7838.0,9342.0,12065.0,11467.0
8365,23685,US,108642,38.0872222222,-106.141388889,,Census,Town,CO,"Saguache, Colorado",0,0,0,0,0,0,0,0,0,325,660,389,620,948,1010.0,1219,1024,722.0,642.0,656.0,584.0,578.0,485.0
8403,19380,US,108509,39.9441666667,-105.813333333,,Census,Statutory town,CO,"Fraser, Colorado",0,0,0,0,0,0,0,0,0,0,0,0,0,0,0.0,0,0,253.0,221.0,470.0,575.0,910.0,1224.0
8438,18240,US,108512,40.0733333333,-106.101388889,,Census,Statutory town,CO,"Hot Sulphur Springs, Colorado",0,0,0,0,0,0,0,0,0,100,0,0,182,123,142.0,235,263,237.0,220.0,405.0,347.0,521.0,663.0
8449,11605,US,108426,37.2575,-105.900555556,,Census,Town,CO,"Sanford, Colorado",0,0,0,0,0,0,0,0,0,0,0,0,564,555,597.0,736,666,679.0,638.0,687.0,750.0,817.0,879.0
8462,25134,US,108406,39.9758333333,-105.143888889,,Census,Home rule municipality,CO,"Louisville, Colorado",0,0,0,0,0,0,0,0,0,450,596,966,1706,1799,1681.0,2023,1978,2073.0,2409.0,5593.0,12361.0,18937.0,18376.0
8474,14638,US,108688,40.0766666667,-102.225833333,,Census,City,CO,"Wray, Colorado",0,0,0,0,0,0,0,0,0,0,125,271,1000,1538,1785.0,2061,2198,2082.0,1953.0,2131.0,1998.0,2187.0,2342.0
8524,12564,US,108514,39.9925,-105.846388889,,Census,Census-designated place,CO,"Tabernash, Colorado",0,0,0,0,0,0,0,0,0,0,0,0,0,0,0.0,0,0,0.0,0.0,0.0,0.0,0.0,0.0
8566,28484,US,57253,39.87,-104.35,,Census,US County,CO,"Adams County, Colorado",0,0,0,0,0,0,0,0,0,0,0,0,8892,14430,20245.0,22481,40234,120296.0,185789.0,245944.0,265038.0,363857.0,441603.0
8601,7552,US,13842333,40.1338888889,-105.282777778,,Census,Census-designated place,CO,"Altona, Colorado",0,0,0,0,0,0,0,0,0,0,0,0,0,0,0.0,0,0,0.0,0.0,0.0,0.0,0.0,0.0
8668,15436,US,108402,40.0655555556,-105.1875,,Census,Cdp,CO,"Gunbarrel, Colorado",0,0,0,0,0,0,0,0,0,0,0,0,0,0,0.0,0,0,0.0,0.0,0.0,0.0,0.0,0.0
8672,11686,US,108645,38.1311111111,-108.291388889,,Census,Town,CO,"Norwood, Colorado",0,0,0,0,0,0,0,0,0,0,0,0,212,365,299.0,412,294,443.0,408.0,478.0,429.0,438.0,518.0
8675,22492,US,96960,39.22,-106.92,,Census,US County,CO,"Pitkin County, Colorado",0,0,0,0,0,0,0,0,0,0,8929,7020,4566,2707,1770.0,1836,1643,2381.0,6185.0,10338.0,12661.0,14872.0,17148.0
8682,14835,US,108496,38.3902777778,-105.116666667,,Census,Statutory city,CO,"Florence, Colorado",0,0,0,0,0,0,0,0,0,0,0,3728,2712,2629,2475.0,2632,2773,2821.0,2846.0,2987.0,2990.0,3653.0,3881.0
8705,4149,US,31010669,38.7030555556,-104.835833333,,Census,Census-designated place,CO,"Rock Creek Park, Colorado",0,0,0,0,0,0,0,0,0,0,0,0,0,0,0.0,0,0,0.0,0.0,0.0,0.0,0.0,0.0
8894,14186,US,108434,38.1363888889,-105.439444444,,Census,Town,CO,"Silver Cliff, Colorado",0,0,0,0,0,0,0,0,0,5040,546,576,250,241,201.0,309,217,153.0,126.0,280.0,322.0,512.0,587.0
8895,63157,US,108503,39.55,-107.316666667,,Census,Home rule municipality,CO,"Glenwood Springs, Colorado",0,0,0,0,0,0,0,0,0,0,920,1350,2019,2073,1825.0,2253,2412,3637.0,4106.0,4637.0,6561.0,7736.0,9614.0
8948,15680,US,108513,40.0572222222,-106.385833333,,Census,Statutory town,CO,"Kremmling, Colorado",0,0,0,0,0,0,0,0,0,0,0,0,141,254,261.0,567,623,576.0,764.0,1296.0,1166.0,1578.0,1444.0
8992,13068,US,108600,40.3255555556,-103.521388889,,Census,Statutory town,CO,"Hillrose, Colorado",0,0,0,0,0,0,0,0,0,0,0,0,0,0,210.0,177,190,157.0,121.0,213.0,169.0,254.0,264.0
9041,6559,US,8725347,38.1747222222,-108.417777778,,Census,Unincorporated community,CO,"Redvale, Colorado",0,0,0,0,0,0,0,0,0,0,0,0,0,0,0.0,0,0,0.0,0.0,0.0,0.0,0.0,0.0
9121,18148,US,108511,40.2505555556,-105.824444444,,Census,Statutory town,CO,"Grand Lake, Colorado",0,0,0,0,0,0,0,0,0,0,0,0,0,0,0.0,0,309,170.0,189.0,382.0,259.0,447.0,471.0
9177,2894,US,31007912,39.5622222222,-104.862777778,,Census,Unknown,CO,"Inverness, Colorado",0,0,0,0,0,0,0,0,0,0,0,0,0,0,0.0,0,0,0.0,0.0,0.0,0.0,0.0,0.0
9187,19623,US,96956,39.98,-108.2,,Census,US County,CO,"Rio Blanco County, Colorado",0,0,0,0,0,0,0,0,0,0,1200,1690,2332,3135,2980.0,2943,4719,5150.0,4842.0,6255.0,5972.0,5986.0,6666.0
9191,9342,US,8396028,37.2838888889,-106.111111111,,Census,Census-designated place,CO,"Capulin, Colorado",0,0,0,0,0,0,0,0,0,0,0,0,0,0,0.0,0,0,0.0,0.0,0.0,0.0,0.0,0.0
9293,7417,US,8720883,40.3308333333,-104.118611111,,Census,Unincorporated community,CO,"Orchard, Colorado",0,0,0,0,0,0,0,0,0,0,0,0,0,0,0.0,0,0,0.0,0.0,0.0,0.0,0.0,0.0
9318,13228,US,108644,37.9347222222,-107.865277778,,Census,Town,CO,"Mountain Village, Colorado",0,0,0,0,0,0,0,0,0,0,0,0,0,0,0.0,0,0,0.0,0.0,0.0,0.0,978.0,1320.0
9345,7398,US,31008476,40.0169444444,-105.407222222,,Census,Census-designated place,CO,"Sugarloaf, Colorado",0,0,0,0,0,0,0,0,0,0,0,0,0,0,0.0,0,0,0.0,0.0,0.0,0.0,0.0,0.0
9391,17337,US,108636,40.4927777778,-107.255277778,,Census,Home rule municipality,CO,"Hayden, Colorado",0,0,0,0,0,0,0,0,0,0,0,0,314,455,554.0,640,767,764.0,763.0,1720.0,1444.0,1634.0,1810.0
9447,66721,US,24158,38.2669444444,-104.620277778,,Census,City,CO,"Pueblo, Colorado",0,0,0,0,0,0,0,0,666,3217,24558,28157,41747,43050,50096.0,52162,63685,91181.0,97774.0,101686.0,98640.0,102121.0,106595.0
9497,27105,US,108484,39.1133333333,-104.905,,Census,Town,CO,"Palmer Lake, Colorado",0,0,0,0,0,0,0,0,0,0,0,166,163,160,244.0,269,263,542.0,947.0,1130.0,1480.0,2179.0,2420.0
9588,12495,US,8158687,38.7508333333,-105.521388889,,Census,Town,CO,"Guffey, Colorado",0,0,0,0,0,0,0,0,0,0,0,0,0,0,0.0,0,0,0.0,0.0,0.0,0.0,0.0,0.0
9626,26454,US,108404,39.995,-105.100555556,,Census,Home rule municipality,CO,"Lafayette, Colorado",0,0,0,0,0,0,0,0,0,0,410,970,1892,1815,1842.0,2052,2090,2612.0,3498.0,8985.0,14548.0,23197.0,24453.0
9648,12411,US,108533,39.7833333333,-105.056944444,,Census,Statutory town,CO,"Lakeside, Colorado",0,0,0,0,0,0,0,0,0,0,0,0,103,36,49.0,39,46,28.0,17.0,19.0,11.0,20.0,8.0
9741,12689,US,108646,37.8561111111,-107.831111111,,Census,Town,CO,"Ophir, Colorado",0,0,0,0,0,0,0,0,0,130,113,127,124,0,0.0,2,2,0.0,6.0,38.0,69.0,113.0,159.0
9765,21876,US,108537,39.7661111111,-105.077222222,,Census,Home rule municipality,CO,"Wheat Ridge, Colorado",0,0,0,0,0,0,0,0,0,0,0,0,0,0,0.0,0,0,21619.0,29778.0,30293.0,29419.0,32913.0,30166.0
9839,13576,US,108558,40.7022222222,-105.000555556,,Census,Town,CO,"Wellington, Colorado",0,0,0,0,0,0,0,0,0,0,0,0,459,439,533.0,465,541,532.0,691.0,1215.0,1340.0,2672.0,6289.0
9843,11929,US,108567,39.2763888889,-103.498888889,,Census,Statutory town,CO,"Genoa, Colorado",0,0,0,0,0,0,0,0,0,0,0,0,0,0,218.0,214,257,185.0,161.0,165.0,167.0,211.0,139.0
9927,17540,US,108527,39.75082,-105.062615,,Census,Home rule municipality,CO,"Edgewater, Colorado",0,0,0,0,0,0,0,0,0,0,0,0,712,664,1473.0,1648,2580,4314.0,4910.0,4766.0,4613.0,5445.0,5170.0
10094,17352,US,108452,39.5488888889,-104.8925,,Census,Home rule municipality,CO,"Lone Tree, Colorado",0,0,0,0,0,0,0,0,0,0,0,0,0,0,0.0,0,0,0.0,0.0,0.0,0.0,4873.0,10218.0
10103,17624,US,108388,37.2680555556,-107.024444444,,Census,Town,CO,"Pagosa Springs, Colorado",0,0,0,0,0,0,0,0,0,223,0,367,669,1032,804.0,1591,1379,1374.0,1360.0,1331.0,1207.0,1591.0,1727.0
10158,18946,US,108398,39.9491666667,-105.571666667,,Census,Cdp,CO,"Eldora, Colorado",0,0,0,0,0,0,0,0,0,0,0,0,0,0,0.0,0,0,0.0,0.0,0.0,0.0,0.0,0.0
10170,10777,US,108377,39.5877777778,-105.069444444,,Census,Cdp,CO,"Columbine, Colorado",0,0,0,0,0,0,0,0,0,0,0,0,0,0,0.0,0,0,0.0,0.0,23523.0,23969.0,24095.0,24280.0
10210,15452,US,108414,38.5313888889,-105.996111111,,Census,City,CO,"Salida, Colorado",0,0,0,0,0,0,0,0,0,0,2586,3722,4425,4689,5065.0,4969,4553,4560.0,4355.0,4870.0,4737.0,5504.0,5236.0
10212,2105,US,31052170,38.2455555556,-104.459444444,,Census,Unknown,CO,"Vineland, Colorado",0,0,0,0,0,0,0,0,0,0,0,0,0,0,0.0,0,0,0.0,0.0,0.0,0.0,0.0,0.0
10294,24844,US,96986,38.43,-102.74,,Census,US County,CO,"Kiowa County, Colorado",0,0,0,0,0,0,0,0,0,0,1243,701,2899,3755,3786.0,2793,3003,2425.0,2029.0,1936.0,1688.0,1622.0,1398.0
10483,32221,US,6520746,39.5997222222,-105.010833333,,Census,Home rule municipality,CO,"Littleton, Colorado",0,0,0,0,0,0,0,0,0,100,0,738,1373,1636,2019.0,2244,3378,13670.0,26466.0,28631.0,33685.0,40340.0,41737.0
10535,13621,US,108518,39.0722222222,-107.189444444,,Census,Statutory town,CO,"Marble, Colorado",0,0,0,0,0,0,0,0,0,0,0,101,782,81,217.0,240,8,5.0,13.0,30.0,64.0,105.0,131.0
10718,25843,US,97007,37.21,-106.19,,Census,US County,CO,"Conejos County, Colorado",0,0,0,0,0,0,0,0,2504,5605,7193,8794,11285,8416,9803.0,11648,10171,8428.0,7846.0,7794.0,7453.0,8400.0,8256.0
10720,11224,US,108423,37.2744444444,-105.960833333,,Census,Statutory town,CO,"La Jara, Colorado",0,0,0,0,0,0,0,0,0,0,0,208,448,521,602.0,897,912,724.0,768.0,858.0,725.0,877.0,818.0
10807,14791,US,108669,40.1111111111,-104.960833333,,Census,Statutory town,CO,"Frederick, Colorado",0,0,0,0,0,0,0,0,0,0,0,0,266,361,596.0,652,599,595.0,696.0,855.0,988.0,2467.0,8679.0
10879,88292,US,6250,38.8333333333,-104.816666667,,Census,Home rule municipality,CO,"Colorado Springs, Colorado",0,0,0,0,0,0,0,0,0,4226,11140,21085,29078,30105,33237.0,36789,45472,70194.0,135517.0,215105.0,281140.0,360890.0,416427.0
10959,5803,US,10655525,38.8383333333,-104.386944444,,Census,Census-designated place,CO,"Ellicott, Colorado",0,0,0,0,0,0,0,0,0,0,0,0,0,0,0.0,0,0,0.0,0.0,0.0,0.0,0.0,0.0
10964,11528,US,108562,37.144223,-104.62159,,Census,Statutory town,CO,"Cokedale, Colorado",0,0,0,0,0,0,0,0,0,0,0,0,0,0,0.0,0,214,219.0,101.0,90.0,116.0,139.0,129.0
11042,12025,US,108448,39.3902777778,-104.753888889,,Census,Census-designated place,CO,"Franktown, Colorado",0,0,0,0,0,0,0,0,0,0,0,0,0,0,0.0,0,0,0.0,0.0,0.0,0.0,0.0,0.0
11146,26453,US,108407,40.2238888889,-105.268888889,,Census,Statutory town,CO,"Lyons, Colorado",0,0,0,0,0,0,0,0,0,0,574,547,632,570,567.0,654,689,706.0,958.0,1137.0,1227.0,1585.0,2033.0
11148,12507,US,108634,37.5772222222,-106.145833333,,Census,Home rule municipality,CO,"Monte Vista, Colorado",0,0,0,0,0,0,0,0,0,0,780,556,2544,2484,2610.0,3208,3272,3385.0,3909.0,3902.0,4324.0,4529.0,4444.0
11204,15647,US,108362,39.8975,-104.981944444,,Census,City,CO,"Northglenn, Colorado",0,0,0,0,0,0,0,0,0,0,0,0,0,0,0.0,0,0,0.0,27785.0,29847.0,27195.0,31575.0,35789.0
11225,6030,US,43080333,37.4219444444,-104.643055556,,Census,Census-designated place,CO,"Lynn, Colorado",0,0,0,0,0,0,0,0,0,0,0,0,0,0,0.0,0,0,0.0,0.0,0.0,0.0,0.0,0.0
11244,30037,US,108352,39.833728,-105.150306,,Census,Home rule municipality,CO,"Arvada, Colorado",0,0,0,0,0,0,0,0,0,0,0,0,840,915,1276.0,1482,2359,19242.0,49844.0,84576.0,89235.0,102153.0,106433.0
11404,12070,US,108399,39.9408333333,-105.255833333,,Census,Cdp,CO,"Eldorado Springs, Colorado",0,0,0,0,0,0,0,0,0,0,0,0,0,0,0.0,0,0,0.0,0.0,0.0,0.0,0.0,0.0
11435,22067,US,108506,39.5347222222,-107.783055556,,Census,City,CO,"Rifle, Colorado",0,0,0,0,0,0,0,0,0,0,0,273,698,865,1287.0,1373,1525,2135.0,2150.0,3215.0,4636.0,6784.0,9172.0
11483,6533,US,8742970,37.1486111111,-104.539166667,,Census,Unincorporated community,CO,"Jansen, Colorado",0,0,0,0,0,0,0,0,0,0,0,0,0,0,0.0,0,0,0.0,0.0,0.0,0.0,0.0,0.0
11550,11598,US,108541,39.303822,-102.423414,,Census,Statutory town,CO,"Bethune, Colorado",0,0,0,0,0,0,0,0,0,0,0,0,0,0,97.0,79,71,70.0,99.0,149.0,173.0,225.0,237.0
11557,32656,US,108652,39.499619,-106.043292,,Census,Home rule municipality,CO,"Breckenridge, Colorado",0,0,0,0,0,0,0,0,51,1657,0,976,834,796,436.0,381,296,393.0,548.0,818.0,1285.0,2408.0,4540.0
11668,12807,US,108566,39.284058,-103.273902,,Census,Statutory town,CO,"Arriba, Colorado",0,0,0,0,0,0,0,0,0,0,0,0,0,334,337.0,286,367,296.0,254.0,236.0,220.0,244.0,193.0
11695,9303,US,7711667,37.0886111111,-106.02,,Census,Census-designated place,CO,"Conejos, Colorado",0,0,0,0,0,0,0,0,0,0,0,0,0,0,0.0,0,0,0.0,0.0,0.0,0.0,0.0,0.0
11881,11515,US,108499,38.3688888889,-105.164722222,,Census,Town,CO,"Rockvale, Colorado",0,0,0,0,0,0,0,0,0,0,0,870,1413,1249,710.0,575,380,413.0,359.0,338.0,321.0,426.0,487.0
11903,9726,US,108367,39.825,-105.004444444,,Census,Census-designated place,CO,"Twin Lakes, Adams County, Colorado",0,0,0,0,0,0,0,0,0,0,0,0,0,0,0.0,0,0,0.0,7576.0,6002.0,5197.0,6301.0,6101.0
11950,12497,US,108668,40.0833333333,-104.8,,Census,Statutory city,CO,"Fort Lupton, Colorado",0,0,0,0,0,0,0,0,0,0,113,214,614,1014,1578.0,1692,1907,2194.0,2489.0,4251.0,5159.0,6787.0,7377.0
12015,16503,US,108400,40.040351,-105.039365,,Census,Statutory town,CO,"Erie, Colorado",0,0,0,0,0,0,0,0,0,358,662,697,596,697,930.0,1019,937,875.0,1090.0,1254.0,1258.0,6291.0,18135.0
12165,17274,US,108653,39.625881,-106.043728,,Census,Home rule municipality,CO,"Dillon, Colorado",0,0,0,0,0,0,0,0,0,0,133,143,134,126,92.0,161,191,814.0,182.0,337.0,553.0,802.0,904.0
12288,20616,US,97013,37.95,-103.08,,Census,US County,CO,"Bent County, Colorado",0,0,0,0,0,0,0,0,592,1654,1313,3049,5043,9705,9134.0,9653,8775,7419.0,6493.0,5945.0,5048.0,5998.0,6499.0
12290,19980,US,108365,39.9030555556,-104.954444444,,Census,City,CO,"Thornton, Colorado",0,0,0,0,0,0,0,0,0,0,0,0,0,0,0.0,0,0,11353.0,13326.0,42054.0,55031.0,82384.0,118772.0
12372,13785,US,108490,39.3441666667,-104.462777778,,Census,Home rule municipality,CO,"Kiowa, Colorado",0,0,0,0,0,0,0,0,0,0,0,0,0,148,185.0,195,173,195.0,235.0,206.0,275.0,581.0,723.0
12392,23983,US,108424,37.1747222222,-105.936388889,,Census,Statutory town,CO,"Manassa, Colorado",0,0,0,0,0,0,0,0,0,250,642,739,788,906,953.0,1008,832,831.0,814.0,945.0,988.0,1042.0,991.0
12415,6632,US,108375,39.5858333333,-104.904444444,,Census,Cdp,CO,"Castlewood, Colorado",0,0,0,0,0,0,0,0,0,0,0,0,0,0,0.0,0,0,0.0,0.0,16410.0,24392.0,25567.0,0.0
12506,2048,US,11238538,39.5066666667,-106.142222222,,Census,Unknown,CO,"Copper Mountain, Colorado",0,0,0,0,0,0,0,0,0,0,0,0,0,0,0.0,0,0,0.0,0.0,0.0,0.0,0.0,0.0
12540,11529,US,108520,38.6077777778,-106.518333333,,Census,Town,CO,"Pitkin, Colorado",0,0,0,0,0,0,0,0,0,1891,371,203,250,165,228.0,156,152,94.0,44.0,59.0,53.0,124.0,66.0
12775,8590,US,31008424,40.04,-105.361111111,,Census,Census-designated place,CO,"Crisman, Colorado",0,0,0,0,0,0,0,0,0,0,0,0,0,0,0.0,0,0,0.0,0.0,0.0,0.0,0.0,0.0
12903,10640,US,108374,39.7105555556,-104.221666667,,Census,Cdp,CO,"Byers, Colorado",0,0,0,0,0,0,0,0,0,0,0,0,0,0,0.0,0,0,0.0,0.0,0.0,0.0,0.0,0.0
12914,13012,US,8453879,38.3711111111,-105.687222222,,Census,Census-designated place,CO,"Cotopaxi, Colorado",0,0,0,0,0,0,0,0,0,0,0,0,0,0,0.0,0,0,0.0,0.0,0.0,0.0,0.0,0.0
13065,15992,US,108568,39.1336111111,-103.468055556,,Census,Statutory town,CO,"Hugo, Colorado",0,0,0,0,0,0,0,0,0,140,0,0,343,838,712.0,852,943,811.0,759.0,776.0,660.0,885.0,730.0
13347,6970,US,8648017,37.5008333333,-108.668333333,,Census,Census-designated place,CO,"Lewis, Colorado",0,0,0,0,0,0,0,0,0,0,0,0,0,0,0.0,0,0,0.0,0.0,0.0,0.0,0.0,0.0
13385,53518,US,108353,39.73,-104.83,,Census,Home rule municipality,CO,"Aurora, Colorado",0,0,0,0,0,0,0,0,0,0,0,202,679,983,2295.0,3437,11421,48548.0,74974.0,158588.0,222103.0,276393.0,325078.0
13529,12924,US,108609,38.2019444444,-107.785555556,,Census,Cdp,CO,"Loghill Village, Colorado",0,0,0,0,0,0,0,0,0,0,0,0,0,0,0.0,0,0,0.0,0.0,0.0,0.0,0.0,0.0
13651,11375,US,108601,40.2708333333,-103.8275,,Census,Statutory town,CO,"Log Lane Village, Colorado",0,0,0,0,0,0,0,0,0,0,0,0,0,0,0.0,0,0,310.0,329.0,709.0,667.0,1006.0,873.0
13693,20096,US,108478,38.6938888889,-104.698055556,,Census,Home rule municipality,CO,"Fountain, Colorado",0,0,0,0,0,0,0,0,0,99,0,0,431,595,577.0,571,713,1602.0,3515.0,8324.0,9984.0,15197.0,25846.0
13734,25067,US,108508,39.801069,-105.489224,,Census,Home rule municipality,CO,"Black Hawk, Colorado",0,0,0,0,0,0,0,0,1068,1540,1067,1200,668,253,253.0,289,166,171.0,217.0,232.0,227.0,118.0,118.0
13740,19487,US,96959,37.96,-102.4,,Census,US County,CO,"Prowers County, Colorado",0,0,0,0,0,0,0,0,0,0,1969,3766,9520,13845,14762.0,12304,14836,13296.0,13258.0,13070.0,13347.0,14483.0,12551.0
13878,713,US,42007754,37.1222222222,-104.701944444,,Census,Census-designated place,CO,"Valdez, Colorado",0,0,0,0,0,0,0,0,0,0,0,0,0,0,0.0,0,0,0.0,0.0,0.0,0.0,0.0,0.0
13886,8665,US,108475,38.9208333333,-104.991388889,,Census,Cdp,CO,"Cascade-Chipita Park, Colorado",0,0,0,0,0,0,0,0,0,0,0,0,0,0,0.0,0,0,0.0,0.0,0.0,0.0,0.0,0.0
14030,41739,US,108583,39.0666666667,-108.566666667,,Census,Home rule municipality,CO,"Grand Junction, Colorado",0,0,0,0,0,0,0,0,0,0,2030,3503,7754,8665,10247.0,12479,14504,18694.0,20170.0,27956.0,29034.0,41986.0,58566.0
14056,11674,US,108491,39.4025,-104.638888889,,Census,Census-designated place,CO,"Ponderosa Park, Colorado",0,0,0,0,0,0,0,0,0,0,0,0,0,0,0.0,0,0,0.0,0.0,0.0,0.0,0.0,0.0
14076,7386,US,31008563,40.0144444444,-105.351666667,,Census,Census-designated place,CO,"Tall Timber, Colorado",0,0,0,0,0,0,0,0,0,0,0,0,0,0,0.0,0,0,0.0,0.0,0.0,0.0,0.0,0.0
14100,15021,US,108505,39.4516666667,-108.051666667,,Census,Town,CO,"Parachute, Colorado",0,0,0,0,0,0,0,0,0,0,0,0,268,228,209.0,230,296,245.0,270.0,338.0,658.0,1006.0,1085.0
14119,17905,US,96950,40.88,-102.35,,Census,US County,CO,"Sedgwick County, Colorado",0,0,0,0,0,0,0,0,0,0,1293,971,3061,4207,5580.0,5294,5095,4242.0,3405.0,3266.0,2690.0,2747.0,2379.0
14172,14284,US,108639,40.1533333333,-106.908333333,,Census,Town,CO,"Yampa, Colorado",0,0,0,0,0,0,0,0,0,0,0,0,332,200,310.0,426,421,312.0,286.0,472.0,317.0,443.0,429.0
14220,8820,US,3389753,38.9461111111,-105.289722222,,Census,Cdp,CO,"Florissant, Colorado",0,0,0,0,0,0,0,0,0,0,0,0,0,0,0.0,0,0,0.0,0.0,0.0,0.0,0.0,0.0
14240,16366,US,108656,39.5813888889,-105.867777778,,Census,Statutory town,CO,"Montezuma, Colorado",0,0,0,0,0,0,0,0,0,0,0,40,134,69,38.0,59,48,17.0,0.0,0.0,60.0,42.0,65.0
14295,13482,US,108597,38.6063888889,-107.981111111,,Census,Town,CO,"Olathe, Colorado",0,0,0,0,0,0,0,0,0,0,0,0,458,491,593.0,705,810,773.0,756.0,1262.0,1263.0,1573.0,1849.0
14394,14199,US,108413,38.5133333333,-106.075555556,,Census,Town,CO,"Poncha Springs, Colorado",0,0,0,0,0,0,0,0,0,170,101,97,43,37,80.0,94,114,201.0,198.0,321.0,244.0,466.0,737.0
14421,7097,US,8737167,39.9461111111,-102.317222222,,Census,Census-designated place (cdp),CO,"Vernon, Colorado",0,0,0,0,0,0,0,0,0,0,0,0,0,0,0.0,0,0,0.0,0.0,0.0,0.0,0.0,0.0
14457,41992,US,108569,39.2638888889,-103.692222222,,Census,Statutory town,CO,"Limon, Colorado",0,0,0,0,0,0,0,0,0,0,0,0,534,1047,1100.0,1053,1471,1811.0,1814.0,1805.0,1831.0,2071.0,1880.0
14490,12880,US,108604,38.1283333333,-104.025,,Census,Statutory town,CO,"Fowler, Colorado",0,0,0,0,0,0,0,0,0,0,0,0,925,1062,968.0,922,1025,1240.0,1241.0,1227.0,1154.0,1206.0,1182.0
14582,11634,US,108457,39.4591666667,-105.078611111,,Census,Census-designated place,CO,"Roxborough Park, Colorado",0,0,0,0,0,0,0,0,0,0,0,0,0,0,0.0,0,0,0.0,0.0,0.0,0.0,0.0,0.0
14603,7593,US,8742998,40.0827777778,-102.105833333,,Census,Cdp,CO,"Laird, Colorado",0,0,0,0,0,0,0,0,0,0,0,0,0,0,0.0,0,0,0.0,0.0,0.0,0.0,0.0,0.0
14730,35789,US,108482,38.8566666667,-104.91,,Census,Home rule municipality,CO,"Manitou Springs, Colorado",0,0,0,0,0,0,0,0,0,422,1439,1303,1357,1129,1205.0,1462,2580,3626.0,4278.0,4475.0,4535.0,4980.0,4992.0
14760,14285,US,108563,37.2461111111,-103.353611111,,Census,Town,CO,"Kim, Colorado",0,0,0,0,0,0,0,0,0,0,0,0,0,0,0.0,0,0,0.0,0.0,100.0,76.0,65.0,74.0
14856,37330,US,60598,39.7469444444,-105.210833333,,Census,Home rule municipality,CO,"Golden, Colorado",0,0,0,0,0,0,0,1014,587,2730,2383,2152,2477,2135,2426.0,3175,5238,7118.0,9817.0,12237.0,13116.0,17159.0,18867.0
15002,17914,US,108543,39.2941666667,-103.065833333,,Census,Statutory town,CO,"Flagler, Colorado",0,0,0,0,0,0,0,0,0,0,0,0,0,544,540.0,506,793,693.0,615.0,550.0,564.0,612.0,561.0
15008,11505,US,108593,37.2055555556,-108.726944444,,Census,Census-designated place (cdp),CO,"Towaoc, Colorado",0,0,0,0,0,0,0,0,0,0,0,0,0,0,0.0,0,0,0.0,0.0,0.0,0.0,0.0,0.0
15045,11177,US,108637,40.275,-106.9575,,Census,Town,CO,"Oak Creek, Colorado",0,0,0,0,0,0,0,0,0,0,0,0,222,967,1211.0,1769,1488,666.0,492.0,929.0,673.0,849.0,884.0
15077,13351,US,108501,39.4377777778,-108.033888889,,Census,Census-designated place,CO,"Battlement Mesa, Colorado",0,0,0,0,0,0,0,0,0,0,0,0,0,0,0.0,0,0,0.0,0.0,0.0,0.0,0.0,0.0
15080,9542,US,123735,39.7327777778,-105.178888889,,Census,Cdp,CO,"West Pleasant View, Colorado",0,0,0,0,0,0,0,0,0,0,0,0,0,0,0.0,0,0,0.0,0.0,0.0,0.0,0.0,0.0
15124,12828,US,108664,40.063521,-104.946804,,Census,Home rule municipality,CO,"Dacono, Colorado",0,0,0,0,0,0,0,0,0,0,0,0,180,172,275.0,296,258,302.0,360.0,2321.0,2228.0,3015.0,4152.0
15222,21085,US,108446,39.462512,-104.87062,,Census,Statutory city,CO,"Castle Pines, Colorado",0,0,0,0,0,0,0,0,0,0,0,0,0,0,0.0,0,0,0.0,0.0,0.0,0.0,0.0,10360.0
15310,9828,US,108456,39.25,-104.986111111,,Census,Census-designated place,CO,"Perry Park, Colorado",0,0,0,0,0,0,0,0,0,0,0,0,0,0,0.0,0,0,0.0,0.0,0.0,0.0,0.0,0.0
15422,11725,US,108684,40.2144444444,-104.824166667,,Census,Town,CO,"Platteville, Colorado",0,0,0,0,0,0,0,0,0,0,213,263,430,479,533.0,561,570,582.0,683.0,1662.0,1515.0,2370.0,2485.0
15464,11536,US,108602,40.2302777778,-104.073333333,,Census,Town,CO,"Wiggins, Colorado",0,0,0,0,0,0,0,0,0,0,0,0,0,0,0.0,0,0,0.0,0.0,531.0,499.0,838.0,893.0
15710,16774,US,108376,39.637418,-104.94747,,Census,Home rule municipality,CO,"Cherry Hills Village, Colorado",0,0,0,0,0,0,0,0,0,0,0,0,0,0,0.0,0,750,1931.0,4605.0,5127.0,5245.0,5958.0,5987.0
15718,12776,US,26661390,38.362038,-105.141782,,Census,Statutory town,CO,"Coal Creek, Fremont County, Colorado",0,0,0,0,0,0,0,0,0,0,0,698,676,618,435.0,261,195,206.0,225.0,190.0,157.0,303.0,343.0
15813,17703,US,108510,40.0863888889,-105.936388889,,Census,Statutory town,CO,"Granby, Colorado",0,0,0,0,0,0,0,0,0,0,0,0,40,32,90.0,251,463,503.0,554.0,963.0,966.0,1525.0,1864.0
15815,11861,US,108618,38.0647222222,-102.311111111,,Census,Statutory town,CO,"Granada, Colorado",0,0,0,0,0,0,0,0,0,121,163,204,359,308,352.0,342,551,593.0,551.0,557.0,513.0,640.0,517.0
15837,2544,US,1875260,,,,Census,Unknown,CO,"Johnson Village, Colorado",0,0,0,0,0,0,0,0,0,0,0,0,0,0,0.0,0,0,0.0,0.0,0.0,0.0,0.0,0.0
15920,9290,US,108584,39.0386111111,-108.525833333,,Census,Unincorporated community,CO,"Orchard Mesa, Colorado",0,0,0,0,0,0,0,0,0,0,0,0,0,0,0.0,0,0,0.0,0.0,0.0,0.0,0.0,0.0
16022,9378,US,108586,39.0797222222,-108.640833333,,Census,Cdp,CO,"Redlands, Colorado",0,0,0,0,0,0,0,0,0,0,0,0,0,0,0.0,0,0,0.0,0.0,0.0,0.0,0.0,0.0
16044,19253,US,96978,40.73,-103.11,,Census,US County,CO,"Logan County, Colorado",0,0,0,0,0,0,0,0,0,0,3070,3292,9549,18427,19946.0,18370,17187,20302.0,18852.0,19800.0,17567.0,20504.0,22709.0
16049,26400,US,108405,40.1716666667,-105.109166667,,Census,Home rule municipality,CO,"Longmont, Colorado",0,0,0,0,0,0,0,0,0,773,1543,2201,4256,5848,6029.0,7406,8099,11489.0,23209.0,42942.0,51555.0,71093.0,86270.0
16185,12674,US,108661,40.1505555556,-102.9625,,Census,Town,CO,"Otis, Colorado",0,0,0,0,0,0,0,0,0,0,0,0,0,467,529.0,498,532,568.0,521.0,534.0,451.0,534.0,475.0
16189,41267,US,48921,39.194951,-106.837002,,Census,Home rule municipality,CO,"Aspen, Colorado",0,0,0,0,0,0,0,0,0,0,5108,3303,1834,1265,705.0,777,916,1101.0,2437.0,3678.0,5049.0,5914.0,6658.0
16195,22711,US,45210,38.746149,-105.184042,,Census,Statutory city,CO,"Cripple Creek, Colorado",0,0,0,0,0,0,0,0,0,0,0,10147,6206,2325,1427.0,2358,853,614.0,425.0,655.0,584.0,1115.0,1189.0
16289,10609,US,108685,40.6086111111,-103.843055556,,Census,Town,CO,"Raymer, Colorado",0,0,0,0,0,0,0,0,0,0,0,0,0,267,254.0,169,130,91.0,68.0,80.0,98.0,91.0,96.0
16371,20418,US,96985,39.31,-102.6,,Census,US County,CO,"Kit Carson County, Colorado",0,0,0,0,0,0,0,0,0,0,2472,1580,7483,8915,9725.0,7512,8600,6957.0,7530.0,7599.0,7140.0,8011.0,8270.0
16548,36415,US,108494,38.441889,-105.220891,,Census,Home rule municipality,CO,"Cañon City, Colorado",0,0,0,0,0,0,0,0,229,1501,2825,3775,5162,4551,5938.0,6690,6345,8973.0,9206.0,13037.0,12687.0,15431.0,16400.0
16578,29376,US,108555,40.4047222222,-105.085833333,,Census,Home rule municipality,CO,"Loveland, Colorado",0,0,0,0,0,0,0,0,0,236,698,1091,3651,5065,5506.0,6145,6773,9734.0,16220.0,30215.0,37352.0,50608.0,66859.0
16649,7392,US,31008468,39.9819444444,-105.174722222,,Census,Census-designated place,CO,"Paragon Estates, Colorado",0,0,0,0,0,0,0,0,0,0,0,0,0,0,0.0,0,0,0.0,0.0,0.0,0.0,0.0,0.0
16673,10124,US,108460,39.4447222222,-104.7425,,Census,Census-designated place,CO,"The Pinery, Colorado",0,0,0,0,0,0,0,0,0,0,0,0,0,0,0.0,0,0,0.0,0.0,0.0,4885.0,7253.0,10517.0
16734,13352,US,108409,40.0997222222,-105.160277778,,Census,Census-designated place,CO,"Niwot, Colorado",0,0,0,0,0,0,0,0,0,0,0,0,0,0,0.0,0,0,0.0,0.0,0.0,0.0,0.0,0.0
16799,12017,US,108679,40.01,-104.708055556,,Census,Statutory town,CO,"Lochbuie, Colorado",0,0,0,0,0,0,0,0,0,0,0,0,0,0,0.0,0,0,0.0,0.0,895.0,1168.0,2049.0,4726.0
17028,7561,US,31008415,39.9763888889,-105.48,,Census,Census-designated place,CO,"Bonanza Mountain Estates, Colorado",0,0,0,0,0,0,0,0,0,0,0,0,0,0,0.0,0,0,0.0,0.0,0.0,0.0,0.0,0.0
17086,3438,US,31007881,39.5777777778,-104.829444444,,Census,Unknown,CO,"Dove Valley, Colorado",0,0,0,0,0,0,0,0,0,0,0,0,0,0,0.0,0,0,0.0,0.0,0.0,0.0,0.0,0.0
17155,20342,US,108621,38.0861111111,-102.619444444,,Census,Home rule municipality,CO,"Lamar, Colorado",0,0,0,0,0,0,0,0,0,0,566,987,2977,2512,4233.0,4445,6829,7369.0,7797.0,7713.0,8343.0,8869.0,7804.0
17158,10840,US,108493,38.413543,-105.19106,,Census,Statutory town,CO,"Brookside, Colorado",0,0,0,0,0,0,0,0,0,0,0,0,0,202,198.0,196,175,163.0,173.0,178.0,183.0,219.0,233.0
17186,18252,US,108577,40.6255555556,-103.211666667,,Census,City,CO,"Sterling, Colorado",0,0,0,0,0,0,0,0,0,0,540,998,3044,6415,7195.0,7411,7534,10751.0,10636.0,11385.0,10362.0,11360.0,14777.0
17232,22250,US,96996,,,,Census,US County,CO,"Elbert County, Colorado",0,0,0,0,0,0,0,0,0,1708,1856,3101,5331,6980,6580.0,5460,4477,3708.0,3903.0,6850.0,9646.0,19872.0,23086.0
17239,15576,US,108631,40.0861111111,-108.798055556,,Census,Town,CO,"Rangely, Colorado",0,0,0,0,0,0,0,0,0,0,0,0,0,0,0.0,0,808,1464.0,1591.0,2113.0,2278.0,2096.0,2365.0
17391,24818,US,108395,38.0669444444,-103.225833333,,Census,Statutory city,CO,"Las Animas, Colorado",0,0,0,0,0,0,0,0,0,52,611,1192,2008,2252,2517.0,3232,3223,3402.0,3148.0,2818.0,2481.0,2758.0,2410.0
17445,15677,US,108391,37.4066666667,-102.617222222,,Census,Town,CO,"Springfield, Colorado",0,0,0,0,0,0,0,0,0,0,0,0,0,295,1393.0,1082,2131,1791.0,1660.0,1657.0,1475.0,1562.0,1451.0
17493,10347,US,108364,39.7361111111,-104.328611111,,Census,Census-designated place,CO,"Strasburg, Colorado",0,0,0,0,0,0,0,0,0,0,0,0,0,0,0.0,0,0,0.0,0.0,0.0,0.0,0.0,0.0
17526,12746,US,108554,40.6338888889,-105.148888889,,Census,Cdp,CO,"Laporte, Colorado",0,0,0,0,0,0,0,0,0,0,0,0,0,0,0.0,0,0,0.0,0.0,0.0,0.0,0.0,0.0
17585,11495,US,108544,39.2994444444,-102.870277778,,Census,Town,CO,"Seibert, Colorado",0,0,0,0,0,0,0,0,0,0,0,0,0,311,273.0,249,346,210.0,192.0,180.0,181.0,180.0,181.0
17653,21922,US,96992,40.1,-106.12,,Census,US County,CO,"Grand County, Colorado",0,0,0,0,0,0,0,0,0,417,604,741,1862,2659,2108.0,3587,3963,3557.0,4107.0,7475.0,7966.0,12442.0,14843.0
17668,9626,US,108454,39.5486111111,-104.850833333,,Census,Census-designated place,CO,"Meridian, Colorado",0,0,0,0,0,0,0,0,0,0,0,0,0,0,0.0,0,0,0.0,0.0,0.0,0.0,0.0,0.0
17793,13491,US,108372,37.7458333333,-105.876944444,,Census,Statutory town,CO,"Hooper, Colorado",0,0,0,0,0,0,0,0,0,0,0,177,131,156,155.0,170,103,58.0,80.0,71.0,112.0,123.0,103.0
17889,13144,US,108663,40.583454,-104.733962,,Census,Statutory town,CO,"Ault, Colorado",0,0,0,0,0,0,0,0,0,0,0,0,569,769,737.0,761,866,799.0,841.0,1056.0,1107.0,1432.0,1519.0
17946,14599,US,108580,39.334,-108.215,,Census,Statutory town,CO,"De Beque, Colorado",0,0,0,0,0,0,0,0,0,0,0,83,149,292,347.0,280,253,172.0,155.0,279.0,257.0,451.0,504.0
17983,16766,US,108666,40.350168,-104.748388,,Census,Home rule municipality,CO,"Evans, Colorado",0,0,0,0,0,0,0,0,189,542,306,400,600,505,540.0,792,862,1453.0,2570.0,5063.0,5877.0,9514.0,18537.0
18168,20527,US,108551,40.284667,-104.965504,,Census,Statutory town,CO,"Berthoud, Colorado",0,0,0,0,0,0,0,0,0,0,228,305,758,852,811.0,811,867,1014.0,1446.0,2362.0,2990.0,4839.0,5105.0
18238,10923,US,8720061,40.5172222222,-108.086111111,,Census,Unincorporated community,CO,"Maybell, Colorado",0,0,0,0,0,0,0,0,0,0,0,0,0,0,0.0,0,0,0.0,0.0,0.0,0.0,0.0,0.0
18336,27096,US,108357,39.953302,-105.052038,,Census,Consolidated city and county,CO,"Broomfield, Colorado",0,0,0,0,0,0,0,0,0,0,0,0,0,0,0.0,0,0,4535.0,7261.0,20730.0,24638.0,38272.0,55889.0
18377,20547,US,96988,40.66,-106.34,,Census,US County,CO,"Jackson County, Colorado",0,0,0,0,0,0,0,0,0,0,0,0,1013,1340,1386.0,1798,1976,1758.0,1811.0,1863.0,1605.0,1577.0,1394.0
18429,13988,US,108389,37.104711,-102.578798,,Census,Statutory town,CO,"Campo, Colorado",0,0,0,0,0,0,0,0,0,0,0,0,0,0,0.0,0,266,235.0,206.0,185.0,121.0,150.0,109.0
18463,9009,US,108371,37.4755555556,-105.853611111,,Census,Census-designated place,CO,"Alamosa East, Colorado",0,0,0,0,0,0,0,0,0,0,0,0,0,0,0.0,0,0,0.0,0.0,0.0,0.0,0.0,0.0
18513,22890,US,606746,39.590568,-104.869118,,Census,Home rule municipality,CO,"Centennial, Colorado",0,0,0,0,0,0,0,0,0,0,0,0,0,0,0.0,0,0,0.0,0.0,0.0,0.0,0.0,100377.0
18523,7175,US,8737279,37.1327777778,-104.8475,,Census,Unincorporated community,CO,"Weston, Colorado",0,0,0,0,0,0,0,0,0,0,0,0,0,0,0.0,0,0,0.0,0.0,0.0,0.0,0.0,0.0
18685,18809,US,108383,39.6158333333,-104.911388889,,Census,Home rule municipality,CO,"Greenwood Village, Colorado",0,0,0,0,0,0,0,0,0,0,0,0,0,0,0.0,0,0,572.0,3095.0,5729.0,7589.0,11035.0,13925.0
18691,7487,US,2265555,39.5602777778,-107.293333333,,Census,Census-designated place,CO,"No Name, Colorado",0,0,0,0,0,0,0,0,0,0,0,0,0,0,0.0,0,0,0.0,0.0,0.0,0.0,0.0,0.0
18694,12825,US,108667,40.1313888889,-104.936111111,,Census,Statutory town,CO,"Firestone, Colorado",0,0,0,0,0,0,0,0,0,0,0,0,110,214,240.0,262,297,276.0,570.0,1204.0,1358.0,1908.0,10147.0
18733,1782,US,31046552,38.5386111111,-106.190277778,,Census,Unknown,CO,"Maysville, Colorado",0,0,0,0,0,0,0,0,0,0,0,0,0,0,0.0,0,0,0.0,0.0,0.0,0.0,0.0,0.0
18848,7744,US,8720096,39.9161111111,-106.725277778,,Census,Census-designated place,CO,"McCoy, Colorado",0,0,0,0,0,0,0,0,0,0,0,0,0,0,0.0,0,0,0.0,0.0,0.0,0.0,0.0,0.0
18849,24706,US,96967,38.16,-107.77,,Census,US County,CO,"Ouray County, Colorado",0,0,0,0,0,0,0,0,0,2669,6510,4731,3514,2620,1784.0,2089,2103,1601.0,1546.0,1925.0,2295.0,3742.0,4436.0
18857,21211,US,108643,37.8125,-107.663055556,,Census,Town,CO,"Silverton, Colorado",0,0,0,0,0,0,0,0,0,0,0,1360,2153,1150,1301.0,1127,1375,822.0,797.0,794.0,716.0,531.0,637.0
18965,9925,US,123725,39.5436111111,-104.821944444,,Census,Census-designated place,CO,"Grand View Estates, Colorado",0,0,0,0,0,0,0,0,0,0,0,0,0,0,0.0,0,0,0.0,0.0,0.0,0.0,0.0,0.0
19048,9630,US,108461,39.1463888889,-105.156111111,,Census,Census-designated place,CO,"Westcreek, Colorado",0,0,0,0,0,0,0,0,0,0,0,0,0,0,0.0,0,0,0.0,0.0,0.0,0.0,0.0,0.0
19129,18947,US,96968,37.9,-103.71,,Census,US County,CO,"Otero County, Colorado",0,0,0,0,0,0,0,0,0,0,4192,11522,20201,22623,24390.0,23571,25275,24128.0,23523.0,22567.0,20185.0,20311.0,18831.0
19157,16565,US,569347,39.1958333333,-108.813055556,,Census,Unincorporated community,CO,"Loma, Colorado",0,0,0,0,0,0,0,0,0,0,0,0,0,0,0.0,0,0,0.0,0.0,0.0,0.0,0.0,0.0
19167,11856,US,108433,38.2319444444,-103.664722222,,Census,Town,CO,"Sugar City, Colorado",0,0,0,0,0,0,0,0,0,0,0,689,808,836,598.0,565,527,409.0,307.0,306.0,252.0,279.0,258.0
19215,7262,US,8647635,39.6658333333,-105.244166667,,Census,Census-designated place,CO,"Idledale, Colorado",0,0,0,0,0,0,0,0,0,0,0,0,0,0,0.0,0,0,0.0,0.0,0.0,0.0,0.0,0.0
19219,11725,US,108572,40.6827777778,-102.84,,Census,Statutory town,CO,"Fleming, Colorado",0,0,0,0,0,0,0,0,0,0,0,0,0,518,365.0,400,377,384.0,349.0,388.0,344.0,426.0,408.0
19235,14016,US,108585,39.1094444444,-108.354166667,,Census,Town,CO,"Palisade, Colorado",0,0,0,0,0,0,0,0,0,0,0,0,900,855,851.0,855,861,860.0,874.0,1551.0,1871.0,2579.0,2692.0
19282,14370,US,108444,39.5566666667,-104.895555556,,Census,Census-designated place,CO,"Acres Green, Colorado",0,0,0,0,0,0,0,0,0,0,0,0,0,0,0.0,0,0,0.0,0.0,0.0,0.0,3205.0,3007.0
19294,19964,US,96948,38.88,-105.15,,Census,US County,CO,"Teller County, Colorado",0,0,0,0,0,0,0,0,0,0,0,29002,14351,6696,4141.0,6463,2754,2495.0,3316.0,8034.0,12468.0,20555.0,23350.0
19318,12759,US,108687,40.112467,-102.488545,,Census,Statutory town,CO,"Eckley, Colorado",0,0,0,0,0,0,0,0,0,0,0,0,0,332,359.0,358,295,207.0,193.0,262.0,211.0,278.0,257.0
19367,12201,US,108392,37.5611111111,-102.397777778,,Census,Town,CO,"Two Buttes, Colorado",0,0,0,0,0,0,0,0,0,0,0,0,0,93,158.0,158,121,111.0,138.0,84.0,63.0,67.0,43.0
19378,23210,US,108441,38.8675,-107.5925,,Census,Town,CO,"Paonia, Colorado",0,0,0,0,0,0,0,0,0,0,0,0,1007,925,958.0,1117,1257,1083.0,1161.0,1425.0,1403.0,1497.0,1451.0
19404,22834,US,108369,39.8361111111,-105.037222222,,Census,City,CO,"Westminster, Colorado",0,0,0,0,0,0,0,0,0,0,0,0,0,235,436.0,534,1686,13850.0,19512.0,50211.0,74625.0,100940.0,106114.0
19459,13545,US,108401,40.0638888889,-105.411944444,,Census,Cdp,CO,"Gold Hill, Colorado",0,0,0,0,0,0,0,0,0,0,0,0,0,0,0.0,0,0,0.0,0.0,0.0,0.0,0.0,0.0
19555,16213,US,108660,40.164382,-103.220685,,Census,Statutory town,CO,"Akron, Colorado",0,0,0,0,0,0,0,0,0,0,559,351,647,1401,1135.0,1417,1605,1890.0,1775.0,1716.0,1599.0,1711.0,1702.0
19625,3009,US,31008025,39.6266666667,-105.409722222,,Census,Unknown,CO,"Upper Bear Creek, Colorado",0,0,0,0,0,0,0,0,0,0,0,0,0,0,0.0,0,0,0.0,0.0,0.0,0.0,0.0,0.0
19633,15947,US,108522,37.5077777778,-105.008055556,,Census,Statutory town,CO,"La Veta, Colorado",0,0,0,0,0,0,0,0,0,165,361,254,691,737,782.0,897,701,632.0,589.0,611.0,726.0,924.0,800.0
19666,14478,US,108394,37.3866666667,-102.278611111,,Census,Town,CO,"Walsh, Colorado",0,0,0,0,0,0,0,0,0,0,0,0,0,0,454.0,406,897,856.0,989.0,884.0,692.0,723.0,546.0
19744,7809,US,31008408,40.1172222222,-105.439166667,,Census,Census-designated place,CO,"Bark Ranch, Colorado",0,0,0,0,0,0,0,0,0,0,0,0,0,0,0.0,0,0,0.0,0.0,0.0,0.0,0.0,0.0
19885,8465,US,8647427,38.4486111111,-105.834444444,,Census,Census-designated place,CO,"Howard, Colorado",0,0,0,0,0,0,0,0,0,0,0,0,0,0,0.0,0,0,0.0,0.0,0.0,0.0,0.0,0.0
19952,28251,US,96991,38.67,-107.01,,Census,US County,CO,"Gunnison County, Colorado",0,0,0,0,0,0,0,0,0,8235,4359,5331,5897,5590,5527.0,6192,5716,5477.0,7578.0,10689.0,10273.0,13956.0,15324.0
20068,13831,US,108429,37.2019444444,-105.422222222,,Census,,CO,"San Luis, Colorado",0,0,0,0,0,0,0,0,0,0,0,0,0,0,0.0,0,0,0.0,781.0,842.0,800.0,739.0,629.0
20088,22269,US,97014,37.32,-102.56,,Census,US County,CO,"Baca County, Colorado",0,0,0,0,0,0,0,0,0,0,1479,759,2516,8721,10570.0,6207,7964,6310.0,5674.0,5419.0,4556.0,4517.0,3788.0
20121,12343,US,108431,38.1658333333,-103.945833333,,Census,Town,CO,"Olney Springs, Colorado",0,0,0,0,0,0,0,0,0,0,0,0,0,240,228.0,260,279,263.0,264.0,253.0,340.0,389.0,345.0
20183,7190,US,1856081,39.65,-107.058333333,,Census,Census-designated place,CO,"Dotsero, Colorado",0,0,0,0,0,0,0,0,0,0,0,0,0,0,0.0,0,0,0.0,0.0,0.0,0.0,0.0,0.0
20187,16259,US,108473,39.0366666667,-104.677777778,,Census,Cdp,CO,"Black Forest, Colorado",0,0,0,0,0,0,0,0,0,0,0,0,0,0,0.0,0,0,0.0,0.0,0.0,0.0,0.0,0.0
20253,26389,US,108548,37.273267,-107.871692,,Census,Unknown,CO,"Durango, Colorado",0,0,0,0,0,0,0,0,0,0,2726,3317,4686,4116,5400.0,5887,7459,10530.0,10333.0,11649.0,12430.0,13922.0,16887.0
20304,17640,US,108648,40.9883333333,-102.266666667,,Census,Town,CO,"Julesburg, Colorado",0,0,0,0,0,0,0,0,0,0,202,371,962,1320,1467.0,1619,1951,1840.0,1578.0,1528.0,1295.0,1467.0,1225.0
20311,9810,US,108479,39.0466666667,-104.825277778,,Census,Cdp,CO,"Gleneagle, Colorado",0,0,0,0,0,0,0,0,0,0,0,0,0,0,0.0,0,0,0.0,0.0,0.0,0.0,0.0,0.0
20340,27831,US,108380,39.646505,-104.994001,,Census,Home rule municipality,CO,"Englewood, Colorado",0,0,0,0,0,0,0,0,0,0,0,0,2983,4356,7980.0,9680,16869,33398.0,33695.0,30021.0,29387.0,31727.0,30255.0
20410,2459,US,31052001,38.8583333333,-105.161666667,,Census,Unknown,CO,"Midland, Colorado",0,0,0,0,0,0,0,0,0,0,0,0,0,0,0.0,0,0,0.0,0.0,0.0,0.0,0.0,0.0
20595,9385,US,108575,40.7791666667,-103.1725,,Census,Cdp,CO,"Padroni, Colorado",0,0,0,0,0,0,0,0,0,0,0,0,0,0,0.0,0,0,0.0,0.0,0.0,0.0,0.0,0.0
20745,7496,US,31008479,39.9875,-105.455833333,,Census,Census-designated place,CO,"St. Ann Highlands, Colorado",0,0,0,0,0,0,0,0,0,0,0,0,0,0,0.0,0,0,0.0,0.0,0.0,0.0,0.0,0.0
20789,8113,US,8453707,38.3638888889,-105.755833333,,Census,Census-designated place,CO,"Coaldale, Colorado",0,0,0,0,0,0,0,0,0,0,0,0,0,0,0.0,0,0,0.0,0.0,0.0,0.0,0.0,0.0
20891,10614,US,108453,39.4763888889,-105.000277778,,Census,Census-designated place,CO,"Louviers, Colorado",0,0,0,0,0,0,0,0,0,0,0,0,0,0,0.0,0,0,0.0,0.0,0.0,0.0,0.0,0.0
20937,22140,US,96975,40.61,-108.2,,Census,US County,CO,"Moffat County, Colorado",0,0,0,0,0,0,0,0,0,0,0,0,0,5129,4861.0,5086,5946,7061.0,6525.0,13133.0,11357.0,13184.0,13795.0
20942,10783,US,108582,39.0922222222,-108.481388889,,Census,Cdp,CO,"Fruitvale, Colorado",0,0,0,0,0,0,0,0,0,0,0,0,0,0,0.0,0,0,0.0,0.0,0.0,0.0,0.0,0.0
21004,17406,US,108588,40.517034,-107.555674,,Census,Home rule municipality,CO,"Craig, Colorado",0,0,0,0,0,0,0,0,0,0,0,0,392,1297,1418.0,2123,3080,3984.0,4205.0,8133.0,8091.0,9189.0,9464.0
21053,14948,US,108489,39.361015,-104.606172,,Census,Statutory town,CO,"Elizabeth, Colorado",0,0,0,0,0,0,0,0,0,0,0,215,194,230,266.0,275,263,326.0,493.0,789.0,818.0,1434.0,1358.0
21147,9398,US,108526,39.5405555556,-105.300833333,,Census,Cdp,CO,"Aspen Park, Colorado",0,0,0,0,0,0,0,0,0,0,0,0,0,0,0.0,0,0,0.0,0.0,0.0,0.0,0.0,0.0
21148,12062,US,108498,38.4266666667,-105.0075,,Census,Census-designated place,CO,"Penrose, Colorado",0,0,0,0,0,0,0,0,0,0,0,0,0,0,0.0,0,0,0.0,0.0,0.0,0.0,0.0,0.0
21159,20920,US,96969,40.26,-103.81,,Census,US County,CO,"Morgan County, Colorado",0,0,0,0,0,0,0,0,0,0,1601,3268,9577,16124,18284.0,17214,18074,21192.0,20105.0,22513.0,21939.0,27171.0,28159.0
21231,1770,US,42335043,40.3,-103.805,,Census,Unknown,CO,"Blue Sky, Colorado",0,0,0,0,0,0,0,0,0,0,0,0,0,0,0.0,0,0,0.0,0.0,0.0,0.0,0.0,0.0
21266,12409,US,108635,37.6691666667,-106.642777778,,Census,Town,CO,"South Fork, Colorado",0,0,0,0,0,0,0,0,0,0,0,0,0,0,0.0,0,0,0.0,0.0,0.0,0.0,604.0,386.0
21323,21337,US,96983,39.19,-106.36,,Census,US County,CO,"Lake County, Colorado",0,0,0,0,0,0,0,0,522,23569,14603,18054,10600,6630,4899.0,6833,8600,7101.0,8318.0,7491.0,6007.0,7102.0,7310.0
21374,28748,US,96946,40.54,-104.4,,Census,US County,CO,"Weld County, Colorado",0,0,0,0,0,0,0,0,1636,5646,11736,16808,39177,54059,65097.0,63747,67504,72344.0,89297.0,123438.0,131821.0,180936.0,252825.0
21461,1601,US,40527012,37.2244444444,-104.466666667,,Census,Census-designated place,CO,"El Moro, Colorado",0,0,0,0,0,0,0,0,0,0,0,0,0,0,0.0,0,0,0.0,0.0,0.0,0.0,0.0,0.0
21465,26382,US,108450,39.5419444444,-104.970833333,,Census,Census-designated place,CO,"Highlands Ranch, Colorado",0,0,0,0,0,0,0,0,0,0,0,0,0,0,0.0,0,0,0.0,0.0,0.0,10181.0,70931.0,96713.0
21589,10432,US,108616,40.6122222222,-102.472777778,,Census,Town,CO,"Paoli, Colorado",0,0,0,0,0,0,0,0,0,0,0,0,0,0,0.0,85,91,81.0,52.0,81.0,29.0,42.0,34.0
21636,21471,US,96952,37.77,-107.67,,Census,US County,CO,"San Juan County, Colorado",0,0,0,0,0,0,0,0,0,1087,1572,2342,3063,1700,1935.0,1439,1471,849.0,831.0,833.0,745.0,558.0,699.0
21663,12198,US,108595,38.2197222222,-108.5675,,Census,Town,CO,"Naturita, Colorado",0,0,0,0,0,0,0,0,0,0,0,0,0,0,0.0,0,0,979.0,820.0,819.0,434.0,635.0,546.0
21673,15193,US,108633,37.678447,-106.353931,,Census,Statutory town,CO,"Del Norte, Colorado",0,0,0,0,0,0,0,0,0,729,736,705,840,1007,1410.0,1923,2048,1856.0,1569.0,1709.0,1674.0,1705.0,1686.0
21685,7196,US,8737267,40.3461111111,-103.969722222,,Census,Unincorporated community,CO,"Weldona, Colorado",0,0,0,0,0,0,0,0,0,0,0,0,0,0,0.0,0,0,0.0,0.0,0.0,0.0,0.0,0.0
21698,9444,US,108363,39.8408333333,-105.001666667,,Census,Census-designated place,CO,"Sherrelwood, Colorado",0,0,0,0,0,0,0,0,0,0,0,0,0,0,0.0,0,0,0.0,0.0,0.0,0.0,0.0,0.0
21714,31442,US,24570313,39.7047222222,-105.081388889,,Census,Home rule municipality,CO,"Lakewood, Colorado",0,0,0,0,0,0,0,0,0,0,0,0,0,0,0.0,0,0,19338.0,92743.0,113808.0,126481.0,144126.0,142980.0
21793,20833,US,97008,39.69,-105.64,,Census,US County,CO,"Clear Creek County, Colorado",0,0,0,0,0,0,0,0,1596,7823,7184,7082,5001,2891,2155.0,3784,3289,2793.0,4819.0,7308.0,7619.0,9322.0,9088.0
22005,3786,US,8946039,39.9805555556,-105.577777778,,Census,Unknown,CO,"Caribou, Colorado",0,0,0,0,0,0,0,0,0,549,169,44,51,0,0.0,0,0,0.0,0.0,0.0,0.0,0.0,0.0
22054,15252,US,108519,38.9016666667,-106.9675,,Census,Town,CO,"Mount Crested Butte, Colorado",0,0,0,0,0,0,0,0,0,0,0,0,0,0,0.0,0,0,0.0,0.0,272.0,264.0,707.0,801.0
22062,6920,US,5991859,39.0827777778,-106.381111111,,Census,Census-designated place (cdp),CO,"Twin Lakes, Lake County, Colorado",0,0,0,0,0,0,0,0,0,0,0,0,0,0,0.0,0,0,0.0,0.0,0.0,0.0,0.0,0.0
22088,12786,US,108603,38.108104,-103.510926,,Census,Statutory town,CO,"Cheraw, Colorado",0,0,0,0,0,0,0,0,0,0,0,0,0,186,293.0,184,174,173.0,129.0,233.0,265.0,211.0,252.0
22187,12975,US,108415,38.819202,-102.35203,,Census,Statutory town,CO,"Cheyenne Wells, Colorado",0,0,0,0,0,0,0,0,0,0,0,0,270,508,595.0,695,1154,1020.0,982.0,950.0,1128.0,1010.0,846.0
22243,12922,US,108632,37.751351,-106.110195,,Census,Statutory town,CO,"Center, Colorado",0,0,0,0,0,0,0,0,0,0,0,0,385,547,1011.0,1515,2024,1600.0,1470.0,1630.0,1963.0,2392.0,2230.0
22251,9148,US,123733,39.7277777778,-105.156944444,,Census,Cdp,CO,"East Pleasant View, Colorado",0,0,0,0,0,0,0,0,0,0,0,0,0,0,0.0,0,0,0.0,0.0,0.0,0.0,0.0,0.0
22272,21148,US,108464,39.634496,-106.816402,,Census,Statutory town,CO,"Eagle, Colorado",0,0,0,0,0,0,0,0,0,0,0,124,186,358,341.0,518,445,546.0,790.0,950.0,1580.0,3032.0,6508.0
22307,7780,US,108472,38.9905555556,-104.860555556,,Census,Cdp,CO,"Air Force Academy, Colorado",0,0,0,0,0,0,0,0,0,0,0,0,0,0,0.0,0,0,0.0,0.0,0.0,0.0,0.0,0.0
22428,10962,US,108546,39.3027777778,-102.744166667,,Census,Town,CO,"Vona, Colorado",0,0,0,0,0,0,0,0,0,0,0,0,0,268,183.0,226,209,130.0,114.0,94.0,104.0,95.0,106.0
22439,8012,US,8737449,39.7027777778,-106.678333333,,Census,Census-designated place,CO,"Wolcott, Colorado",0,0,0,0,0,0,0,0,0,0,0,0,0,0,0.0,0,0,0.0,0.0,0.0,0.0,0.0,0.0
22464,29133,US,97000,37.75,-108.52,,Census,US County,CO,"Dolores County, Colorado",0,0,0,0,0,0,0,0,0,0,1498,1134,642,1243,1412.0,1958,1966,2196.0,1641.0,1658.0,1504.0,1844.0,2064.0
22471,12507,US,108466,39.6402777778,-106.592222222,,Census,Census-designated place,CO,"Edwards, Colorado",0,0,0,0,0,0,0,0,0,0,0,0,0,0,0.0,0,0,0.0,0.0,0.0,0.0,0.0,0.0
22511,9067,US,108361,39.8052777778,-104.981944444,,Census,Census-designated place,CO,"North Washington, Colorado",0,0,0,0,0,0,0,0,0,0,0,0,0,0,0.0,0,0,0.0,0.0,0.0,0.0,0.0,0.0
22788,15047,US,108628,37.9219444444,-104.93,,Census,Town,CO,"Rye, Colorado",0,0,0,0,0,0,0,0,0,0,0,0,0,0,0.0,163,166,179.0,207.0,232.0,168.0,202.0,153.0
22805,21290,US,97010,38.74,-106.18,,Census,US County,CO,"Chaffee County, Colorado",0,0,0,0,0,0,0,0,0,6512,6612,7085,7622,7753,8126.0,8109,7168,8298.0,10162.0,13227.0,12684.0,16242.0,17809.0
22807,9994,US,108459,39.5316666667,-104.801666667,,Census,Census-designated place,CO,"Stonegate, Colorado",0,0,0,0,0,0,0,0,0,0,0,0,0,0,0.0,0,0,0.0,0.0,0.0,0.0,0.0,0.0
22826,1733,US,31046559,38.5475,-106.014444444,,Census,Unknown,CO,"Smeltertown, Colorado",0,0,0,0,0,0,0,0,0,0,0,0,0,0,0.0,0,0,0.0,0.0,0.0,0.0,0.0,0.0
22874,3625,US,50088585,37.34,-104.664,,Census,Ghost town,CO,"Delagua, Colorado",0,0,0,0,0,0,0,0,0,0,0,0,958,1035,1021.0,422,239,0.0,0.0,0.0,0.0,0.0,0.0
22909,7810,US,8454740,38.1125,-102.957222222,,Census,Census-designated place,CO,"Hasty, Colorado",0,0,0,0,0,0,0,0,0,0,0,0,0,0,0.0,0,0,0.0,0.0,0.0,0.0,0.0,0.0
22913,7734,US,8747031,38.4705555556,-102.078888889,,Census,Census-designated place (cdp),CO,"Towner, Colorado",0,0,0,0,0,0,0,0,0,0,0,0,0,0,0.0,0,0,0.0,0.0,0.0,0.0,0.0,0.0
23199,10693,US,108497,38.4266666667,-105.215555556,,Census,Census-designated place,CO,"Lincoln Park, Colorado",0,0,0,0,0,0,0,0,0,0,0,0,0,0,0.0,0,0,0.0,0.0,0.0,0.0,0.0,0.0
23209,23648,US,108611,38.1519444444,-107.756944444,,Census,Town,CO,"Ridgway, Colorado",0,0,0,0,0,0,0,0,0,0,0,245,376,400,239.0,354,209,254.0,262.0,369.0,423.0,713.0,924.0
23216,2163,US,31007898,39.6675,-104.918055556,,Census,Unknown,CO,"Holly Hills, Colorado",0,0,0,0,0,0,0,0,0,0,0,0,0,0,0.0,0,0,0.0,0.0,0.0,0.0,0.0,0.0
23286,20905,US,108590,37.349783,-108.576687,,Census,Home rule municipality,CO,"Cortez, Colorado",0,0,0,0,0,0,0,0,0,0,332,125,565,541,921.0,1778,2680,6764.0,6032.0,7095.0,7284.0,7977.0,8482.0
23481,22655,US,96970,38.41,-108.27,,Census,US County,CO,"Montrose County, Colorado",0,0,0,0,0,0,0,0,0,0,3980,4535,10291,11852,11742.0,15418,15220,18286.0,18366.0,24352.0,24423.0,33432.0,41276.0
23524,19847,US,97017,37.57,-105.78,,Census,US County,CO,"Alamosa County, Colorado",0,0,0,0,0,0,0,0,0,0,0,0,0,5148,8602.0,10484,10531,10000.0,11422.0,11799.0,13617.0,14966.0,15445.0
23742,24761,US,108613,39.2244444444,-105.998055556,,Census,Statutory town,CO,"Fairplay, Colorado",0,0,0,0,0,0,0,0,0,0,301,319,265,183,221.0,739,476,404.0,419.0,421.0,387.0,610.0,679.0
23851,7227,US,31009078,37.4377777778,-107.185,,Census,Census-designated place,CO,"Piedra, Colorado",0,0,0,0,0,0,0,0,0,0,0,0,0,0,0.0,0,0,0.0,0.0,0.0,0.0,0.0,0.0
23947,20544,US,48988,39.742,-105.514,,Census,Statutory city,CO,"Idaho Springs, Colorado",0,0,0,0,0,0,0,0,229,733,1338,2502,2154,1192,1207.0,2112,1769,1480.0,2003.0,2077.0,1834.0,1889.0,1717.0
23993,7723,US,8647387,37.2811111111,-104.380277778,,Census,Unincorporated community,CO,"Hoehne, Colorado",0,0,0,0,0,0,0,0,0,0,0,0,0,0,0.0,0,0,0.0,0.0,0.0,0.0,0.0,0.0
24005,10913,US,108549,37.1166666667,-107.635,,Census,Statutory town,CO,"Ignacio, Colorado",0,0,0,0,0,0,0,0,0,0,0,0,0,290,464.0,555,526,609.0,613.0,667.0,720.0,669.0,697.0
24040,2096,US,31008072,39.6191666667,-105.133888889,,Census,Unknown,CO,"Dakota Ridge, Colorado",0,0,0,0,0,0,0,0,0,0,0,0,0,0,0.0,0,0,0.0,0.0,0.0,0.0,0.0,0.0
24246,15503,US,108463,39.358174,-107.018557,,Census,Statutory town,CO,"Basalt, Colorado",0,0,0,0,0,0,0,0,0,0,0,382,235,185,148.0,212,173,213.0,419.0,529.0,1128.0,2681.0,3857.0
24404,12273,US,108492,39.1408333333,-104.082777778,,Census,Town,CO,"Simla, Colorado",0,0,0,0,0,0,0,0,0,0,0,0,0,387,351.0,421,424,450.0,460.0,494.0,481.0,663.0,618.0
24428,6835,US,13618416,37.6891666667,-106.588888889,,Census,Town,CO,"Alpine, Colorado",0,0,0,0,0,0,0,0,0,0,0,0,0,0,0.0,0,0,0.0,0.0,0.0,0.0,0.0,0.0
24465,21476,US,96980,38.98,-103.52,,Census,US County,CO,"Lincoln County, Colorado",0,0,0,0,0,0,0,0,0,0,689,926,5917,8273,7850.0,5882,5909,5310.0,4836.0,4663.0,4529.0,6087.0,5467.0
24468,13083,US,108428,37.4294444444,-105.435277778,,Census,Census-designated place,CO,"Fort Garland, Colorado",0,0,0,0,0,0,0,0,0,0,0,0,0,0,0.0,0,0,0.0,0.0,0.0,0.0,0.0,0.0
24494,11556,US,108606,38.1091666667,-103.867777778,,Census,Unknown,CO,"Manzanola, Colorado",0,0,0,0,0,0,0,0,0,0,0,0,428,562,578.0,531,543,562.0,451.0,459.0,437.0,320.0,219.0
24575,9728,US,108525,39.7497222222,-105.155,,Census,Census-designated place,CO,"Applewood, Colorado",0,0,0,0,0,0,0,0,0,0,0,0,0,0,0.0,0,0,0.0,0.0,0.0,0.0,0.0,0.0
24688,21642,US,97006,,,,Census,US County,CO,"Costilla County, Colorado",0,0,0,0,0,0,0,0,1779,2879,3491,4632,5498,5032,5779.0,7533,6067,4219.0,3091.0,3071.0,3190.0,3663.0,3524.0
24769,21281,US,96953,38.08,-106.3,,Census,US County,CO,"Saguache County, Colorado",0,0,0,0,0,0,0,0,304,1973,3313,3853,4160,4638,6250.0,6173,5664,4473.0,3827.0,3935.0,4619.0,5917.0,6108.0
24799,21341,US,96984,37.29,-107.85,,Census,US County,CO,"La Plata County, Colorado",0,0,0,0,0,0,0,0,0,1110,5509,7016,10812,11218,12975.0,15494,14880,19225.0,19199.0,27424.0,32284.0,43941.0,51334.0
24819,20430,US,96958,38.15,-104.51,,Census,US County,CO,"Pueblo County, Colorado",0,0,0,0,0,0,0,0,2265,7167,31191,34418,52223,57368,66033.0,68870,90188,118685.0,118238.0,120984.0,123051.0,141472.0,159063.0
24875,15177,US,108561,37.015493,-103.883777,,Census,Statutory town,CO,"Branson, Colorado",0,0,0,0,0,0,0,0,0,0,0,0,0,0,237.0,250,157,124.0,70.0,73.0,58.0,77.0,74.0
24972,11682,US,108381,39.5866666667,-104.7875,,Census,Statutory town,CO,"Foxfield, Colorado",0,0,0,0,0,0,0,0,0,0,0,0,0,0,0.0,0,0,0.0,0.0,0.0,0.0,746.0,685.0
24997,886,US,40527029,,,,Census,Census-designated place,CO,"Jackson Lake, Colorado",0,0,0,0,0,0,0,0,0,0,0,0,0,0,0.0,0,0,0.0,0.0,0.0,0.0,0.0,0.0
25110,51968,US,56311,39.376089,-104.853487,,Census,Home rule municipality,CO,"Castle Rock, Colorado",0,0,0,0,0,0,0,0,0,88,315,304,365,461,478.0,580,741,1152.0,1531.0,3921.0,8708.0,20224.0,48231.0
25142,16456,US,108438,38.757372,-108.087959,,Census,Home rule municipality,CO,"Delta, Colorado",0,0,0,0,0,0,0,0,0,0,470,819,2388,2623,2938.0,3717,4097,3832.0,3694.0,3931.0,3789.0,6400.0,8915.0
25281,20629,US,97003,38.86,-107.86,,Census,US County,CO,"Delta County, Colorado",0,0,0,0,0,0,0,0,0,0,2534,5487,13688,13668,14204.0,16470,17365,15602.0,15286.0,21225.0,20980.0,27834.0,30952.0
25285,2153,US,31052161,38.2458333333,-104.568611111,,Census,Unknown,CO,"Blende, Colorado",0,0,0,0,0,0,0,0,0,0,0,0,0,0,0.0,0,0,0.0,0.0,0.0,0.0,0.0,0.0
25292,7641,US,8647827,39.6127777778,-102.592222222,,Census,Cdp,CO,"Kirk, Colorado",0,0,0,0,0,0,0,0,0,0,0,0,0,0,0.0,0,0,0.0,0.0,0.0,0.0,0.0,0.0
25353,25132,US,108587,37.849102,-106.925415,,Census,Statutory town,CO,"Creede, Colorado",0,0,0,0,0,0,0,0,0,0,0,938,741,500,384.0,670,503,350.0,653.0,610.0,362.0,377.0,290.0
25395,12355,US,108530,39.6313888889,-105.260833333,,Census,Cdp,CO,"Indian Hills, Colorado",0,0,0,0,0,0,0,0,0,0,0,0,0,0,0.0,0,0,0.0,0.0,0.0,0.0,0.0,0.0
25427,24231,US,97009,38.82,-102.59,,Census,US County,CO,"Cheyenne County, Colorado",0,0,0,0,0,0,0,0,0,0,534,501,3687,3746,3723.0,2964,3453,2789.0,2396.0,2153.0,2397.0,2231.0,1836.0
25461,14353,US,108675,40.3361111111,-104.920277778,,Census,Home rule municipality,CO,"Johnstown, Colorado",0,0,0,0,0,0,0,0,0,0,0,0,198,274,767.0,961,897,976.0,1191.0,1535.0,1579.0,3827.0,9887.0
25590,19596,US,96955,37.61,-106.39,,Census,US County,CO,"Rio Grande County, Colorado",0,0,0,0,0,0,0,0,0,1944,3451,4080,6563,7855,9953.0,12404,12832,11160.0,10494.0,10511.0,10770.0,12413.0,11982.0
25596,12838,US,108547,37.235248,-107.594814,,Census,Statutory town,CO,"Bayfield, Colorado",0,0,0,0,0,0,0,0,0,0,0,0,227,267,277.0,372,335,32.0,320.0,724.0,1090.0,1549.0,2333.0
25601,25787,US,108483,39.0811111111,-104.8625,,Census,Statutory town,CO,"Monument, Colorado",0,0,0,0,0,0,0,0,0,125,177,156,149,192,192.0,175,126,204.0,393.0,690.0,1020.0,1971.0,5530.0
25606,20131,US,96993,39.86,-105.52,,Census,US County,CO,"Gilpin County, Colorado",0,0,0,0,0,0,0,0,5490,6489,5867,6690,4131,1364,1212.0,1625,850,685.0,1272.0,2441.0,3070.0,4757.0,5441.0
25657,60312,US,11507,40.5591666667,-105.078055556,,Census,Home rule municipality,CO,"Fort Collins, Colorado",0,0,0,0,0,0,0,0,0,1356,2011,3053,8210,8755,11489.0,12251,14937,25027.0,43337.0,65092.0,87758.0,118652.0,143986.0
25729,12196,US,108671,40.2830555556,-104.778888889,,Census,Statutory town,CO,"Gilcrest, Colorado",0,0,0,0,0,0,0,0,0,0,0,0,0,222,324.0,352,429,357.0,382.0,1025.0,1084.0,1162.0,1034.0
25866,9383,US,108662,40.1091666667,-104.760555556,,Census,Census-designated place,CO,"Aristocrat Ranchettes, Colorado",0,0,0,0,0,0,0,0,0,0,0,0,0,0,0.0,0,0,0.0,0.0,0.0,0.0,0.0,0.0
25894,19316,US,108440,38.8163888889,-107.976944444,,Census,Town,CO,"Orchard City, Colorado",0,0,0,0,0,0,0,0,0,0,0,0,0,531,0.0,865,956,1021.0,1163.0,1914.0,2218.0,2880.0,3119.0
25921,16306,US,108468,39.6444444444,-106.940277778,,Census,Home rule municipality,CO,"Gypsum, Colorado",0,0,0,0,0,0,0,0,0,0,0,0,0,164,165.0,245,345,358.0,420.0,743.0,1750.0,3654.0,6477.0
25934,29111,US,56310,,,,Census,US County,CO,"Douglas County, Colorado",0,0,0,0,0,0,0,0,1388,2486,3006,3120,3192,3517,3498.0,3496,3507,4816.0,8407.0,25153.0,60391.0,175766.0,285465.0
26002,160164,US,5399,39.0,-105.5,,Census,US State,CO,Colorado,0,0,0,0,0,0,0,34277,39864,194327,413249,539700,799024,939629,1035791.0,1123296,1325089,1753947.0,2207259.0,2889964.0,3294394.0,4301262.0,5029196.0
26095,20326,US,96994,39.6,-107.9,,Census,US County,CO,"Garfield County, Colorado",0,0,0,0,0,0,0,0,0,0,4478,5835,10144,9304,9975.0,10560,11625,12017.0,14821.0,22514.0,29974.0,43791.0,56389.0
26139,27037,US,108658,38.7097222222,-105.140833333,,Census,City,CO,"Victor, Colorado",0,0,0,0,0,0,0,0,0,0,0,4986,3162,1777,1291.0,1784,684,434.0,258.0,265.0,258.0,445.0,397.0
26143,2321,US,31007847,,,,Census,Unknown,CO,"Aetna Estates, Colorado",0,0,0,0,0,0,0,0,0,0,0,0,0,0,0.0,0,0,0.0,0.0,0.0,0.0,0.0,0.0
26161,12366,US,108574,40.4844444444,-103.353611111,,Census,Statutory town,CO,"Merino, Colorado",0,0,0,0,0,0,0,0,0,0,0,0,0,263,230.0,259,209,268.0,260.0,255.0,238.0,246.0,284.0
26169,7253,US,31008453,40.0930555556,-105.332777778,,Census,Census-designated place,CO,"Lazy Acres, Colorado",0,0,0,0,0,0,0,0,0,0,0,0,0,0,0.0,0,0,0.0,0.0,0.0,0.0,0.0,0.0
26189,12668,US,108680,40.2247222222,-104.988611111,,Census,Statutory town,CO,"Mead, Colorado",0,0,0,0,0,0,0,0,0,0,0,0,114,145,152.0,191,186,192.0,195.0,356.0,456.0,2017.0,3405.0
26248,23852,US,96972,37.34,-108.6,,Census,US County,CO,"Montezuma County, Colorado",0,0,0,0,0,0,0,0,0,0,1529,3058,5029,6260,7798.0,10463,9991,14024.0,12952.0,16510.0,18762.0,23830.0,25535.0
26254,15021,US,108410,39.9333333333,-105.166666667,,Census,Town,CO,"Superior, Colorado",0,0,0,0,0,0,0,0,0,0,0,0,349,233,160.0,205,134,173.0,171.0,208.0,255.0,9011.0,12483.0
26352,19262,US,108528,39.6388888889,-105.336388889,,Census,Unincorporated town,CO,"Evergreen, Colorado",0,0,0,0,0,0,0,0,0,0,0,0,0,0,0.0,0,0,0.0,0.0,0.0,0.0,0.0,0.0
26358,17445,US,108612,39.285942,-106.066319,,Census,Statutory town,CO,"Alma, Colorado",0,0,0,0,0,0,0,0,0,446,367,297,301,127,110.0,469,149,107.0,73.0,132.0,148.0,179.0,270.0
26393,23674,US,108455,39.5194444444,-104.765833333,,Census,Town,CO,"Parker, Colorado",0,0,0,0,0,0,0,0,0,0,0,0,0,0,0.0,0,0,0.0,0.0,0.0,5450.0,23558.0,45297.0
26397,23706,US,96998,39.62,-106.7,,Census,US County,CO,"Eagle County, Colorado",0,0,0,0,0,0,0,0,0,0,3725,3008,2985,3385,3924.0,5361,4488,4677.0,7498.0,13320.0,21928.0,41659.0,52197.0
26402,14995,US,108379,39.615892,-104.043007,,Census,Statutory town,CO,"Deer Trail, Colorado",0,0,0,0,0,0,0,0,0,0,0,0,0,0,390.0,387,421,764.0,374.0,463.0,476.0,598.0,546.0
26403,13062,US,108411,40.0722222222,-105.51,,Census,Town,CO,"Ward, Colorado",0,0,0,0,0,0,0,0,0,0,424,300,129,74,34.0,118,10,9.0,32.0,129.0,159.0,169.0,150.0
26409,17519,US,108536,39.7755555556,-105.056111111,,Census,Town,CO,"Mountain View, Colorado",0,0,0,0,0,0,0,0,0,0,0,0,390,372,664.0,711,878,826.0,706.0,584.0,550.0,569.0,507.0
26498,11194,US,108614,40.6416666667,-102.628888889,,Census,Statutory town,CO,"Haxtun, Colorado",0,0,0,0,0,0,0,0,0,0,0,0,341,1118,1027.0,985,1006,990.0,899.0,1014.0,952.0,982.0,946.0
26535,6141,US,31051994,38.7177777778,-105.126111111,,Census,Cdp,CO,"Goldfield, Colorado",0,0,0,0,0,0,0,0,0,0,0,0,0,0,0.0,0,0,0.0,0.0,0.0,0.0,0.0,0.0
26562,14098,US,108591,37.47399,-108.499824,,Census,Statutory town,CO,"Dolores, Colorado",0,0,0,0,0,0,0,0,0,0,0,108,320,465,557.0,804,729,805.0,820.0,802.0,866.0,857.0,936.0
26704,8132,US,8391347,40.6819444444,-102.166111111,,Census,Cdp,CO,"Amherst, Colorado",0,0,0,0,0,0,0,0,0,0,0,0,0,0,0.0,0,0,0.0,0.0,0.0,0.0,0.0,0.0
26783,2270,US,31008015,39.725,-105.434444444,,Census,Unknown,CO,"Floyd Hill, Colorado",0,0,0,0,0,0,0,0,0,0,0,0,0,0,0.0,0,0,0.0,0.0,0.0,0.0,0.0,0.0
27028,13372,US,108665,40.525181,-104.713308,,Census,Statutory town,CO,"Eaton, Colorado",0,0,0,0,0,0,0,0,0,0,0,384,1157,1289,1221.0,1322,1276,1267.0,1389.0,1932.0,1959.0,2690.0,4365.0
27056,12664,US,108640,38.296607,-106.141873,,Census,Statutory town,CO,"Bonanza, Colorado",0,0,0,0,0,0,0,0,0,0,96,141,96,91,445.0,140,51,19.0,10.0,8.0,16.0,14.0,16.0
27109,11544,US,108486,39.1219444444,-104.165833333,,Census,Town,CO,"Ramah, Colorado",0,0,0,0,0,0,0,0,0,0,0,0,0,0,171.0,186,142,109.0,101.0,119.0,94.0,117.0,123.0
27206,21609,US,108419,39.7125,-105.695833333,,Census,Territorial charter municipality,CO,"Georgetown, Colorado",0,0,0,0,0,0,0,0,802,3294,1927,1418,950,703,303.0,391,329,307.0,542.0,830.0,891.0,1088.0,1034.0
27338,26568,US,108516,38.867736,-106.977266,,Census,Home rule municipality,CO,"Crested Butte, Colorado",0,0,0,0,0,0,0,0,0,0,857,988,904,1213,1251.0,1145,730,289.0,372.0,959.0,878.0,1529.0,1487.0
27344,2087,US,31007875,39.6013888889,-104.336666667,,Census,Unknown,CO,"Comanche Creek, Colorado",0,0,0,0,0,0,0,0,0,0,0,0,0,0,0.0,0,0,0.0,0.0,0.0,0.0,0.0,0.0
27409,10872,US,108578,39.0775,-108.464166667,,Census,Cdp,CO,"Clifton, Colorado",0,0,0,0,0,0,0,0,0,0,0,0,1126,1105,1246.0,1712,1396,1935.0,3554.0,3847.0,7378.0,12238.0,19889.0
27430,14082,US,108502,39.394616,-107.214475,,Census,Home rule municipality,CO,"Carbondale, Colorado",0,0,0,0,0,0,0,0,0,0,166,173,284,310,283.0,437,441,612.0,726.0,2084.0,3004.0,5196.0,6427.0
27454,7422,US,31008474,40.05,-105.314722222,,Census,Census-designated place,CO,"Pine Brook Hill, Colorado",0,0,0,0,0,0,0,0,0,0,0,0,0,0,0.0,0,0,0.0,0.0,0.0,0.0,0.0,0.0
27527,23609,US,108408,39.9619444444,-105.510555556,,Census,Town,CO,"Nederland, Colorado",0,0,0,0,0,0,0,0,0,279,0,0,446,291,285.0,384,266,272.0,492.0,1212.0,1099.0,1394.0,1445.0
27557,29958,US,108553,40.377117,-105.525514,,Census,Statutory town,CO,"Estes Park, Colorado",0,0,0,0,0,0,0,0,0,0,0,0,0,0,417.0,994,1617,1175.0,1616.0,2703.0,3184.0,5413.0,5858.0
27573,7531,US,31008448,40.1097222222,-105.477777778,,Census,Census-designated place,CO,"Hidden Lake, Colorado",0,0,0,0,0,0,0,0,0,0,0,0,0,0,0.0,0,0,0.0,0.0,0.0,0.0,0.0,0.0
27592,20945,US,108542,39.304491,-102.271463,,Census,Home rule municipality,CO,"Burlington, Colorado",0,0,0,0,0,0,0,0,0,0,146,183,368,991,1280.0,1280,2247,2090.0,2828.0,3107.0,2941.0,3678.0,4254.0
27617,35467,US,96997,38.84,-104.52,,Census,US County,CO,"El Paso County, Colorado",0,0,0,0,0,0,0,0,987,7949,21239,31602,43321,44027,49570.0,54025,74523,143742.0,235972.0,309424.0,397014.0,516929.0,622263.0
27654,12836,US,108467,39.3963888889,-107.086944444,,Census,Census-designated place,CO,"El Jebel, Colorado",0,0,0,0,0,0,0,0,0,0,0,0,0,0,0.0,0,0,0.0,0.0,0.0,2605.0,4488.0,3801.0
27655,26745,US,108471,39.6416666667,-106.375,,Census,Town,CO,"Vail, Colorado",0,0,0,0,0,0,0,0,0,0,0,0,0,0,0.0,0,0,0.0,484.0,2261.0,3659.0,4531.0,5305.0
27942,30503,US,96982,40.65,-105.46,,Census,US County,CO,"Larimer County, Colorado",0,0,0,0,0,0,0,0,838,4892,9712,12168,25270,27872,33137.0,35539,43554,53343.0,89900.0,149184.0,186136.0,251494.0,299630.0
27967,7603,US,31008514,40.0336111111,-105.330833333,,Census,Census-designated place,CO,"Seven Hills, Colorado",0,0,0,0,0,0,0,0,0,0,0,0,0,0,0.0,0,0,0.0,0.0,0.0,0.0,0.0,0.0
27968,9870,US,108368,39.8472222222,-104.965833333,,Census,Census-designated place,CO,"Welby, Colorado",0,0,0,0,0,0,0,0,0,0,0,0,0,0,0.0,0,0,0.0,6875.0,9668.0,10218.0,12973.0,14846.0
28062,14851,US,108557,40.5297222222,-104.981666667,,Census,Town,CO,"Timnath, Colorado",0,0,0,0,0,0,0,0,0,0,0,0,0,0,169.0,147,177,150.0,177.0,185.0,190.0,223.0,625.0
28074,10983,US,108627,38.3316666667,-104.740555556,,Census,Cdp,CO,"Pueblo West, Colorado",0,0,0,0,0,0,0,0,0,0,0,0,0,0,0.0,0,0,0.0,0.0,0.0,0.0,0.0,0.0
28146,12869,US,26893809,38.9347222222,-105.017777778,,Census,Statutory town,CO,"Green Mountain Falls, Colorado",0,0,0,0,0,0,0,0,0,0,0,40,30,100,41.0,87,106,179.0,359.0,607.0,663.0,773.0,640.0
28159,22782,US,96966,39.12,-105.71,,Census,US County,CO,"Park County, Colorado",0,0,0,0,0,0,0,0,447,3970,3548,2998,2492,1977,2052.0,3272,1870,1822.0,2185.0,5333.0,7174.0,14523.0,16206.0
28182,12776,US,108451,39.2272222222,-104.884166667,,Census,Home rule municipality,CO,"Larkspur, Colorado",0,0,0,0,0,0,0,0,0,0,0,0,0,0,0.0,0,0,0.0,0.0,141.0,232.0,234.0,183.0
28251,9437,US,108529,39.6952777778,-105.267222222,,Census,Cdp,CO,"Genesee, Colorado",0,0,0,0,0,0,0,0,0,0,0,0,0,0,0.0,0,0,0.0,0.0,0.0,0.0,0.0,0.0
28281,6997,US,31009062,38.0955555556,-107.033055556,,Census,Census-designated place,CO,"Cathedral, Colorado",0,0,0,0,0,0,0,0,0,0,0,0,0,0,0.0,0,0,0.0,0.0,0.0,0.0,0.0,0.0
28347,11158,US,108465,39.6213888889,-106.492222222,,Census,Unincorporated community &amp; former census-designated place,CO,"Eagle-Vail, Colorado",0,0,0,0,0,0,0,0,0,0,0,0,0,0,0.0,0,0,0.0,0.0,0.0,1922.0,2887.0,0.0
28396,10142,US,3256039,38.9419444444,-105.157777778,,Census,Census-designated place (cdp),CO,"Divide, Colorado",0,0,0,0,0,0,0,0,0,0,0,0,0,0,0.0,0,0,0.0,0.0,0.0,0.0,0.0,0.0
28443,22006,US,108605,37.9813888889,-103.5475,,Census,Municipality,CO,"La Junta, Colorado",0,0,0,0,0,0,0,0,0,0,1439,2513,4154,4964,7193.0,7040,7712,8026.0,8205.0,8338.0,7637.0,7568.0,7077.0
28616,14547,US,108589,40.240551,-109.00859,"[[y2001,313],[y2002,318],[y2003,317],[y2004,320],[y2005,315],[y2006,320],[y2007,326],[y2008,333],[y2009,337],[y2016,315]]", USA,Statutory town,CO,"Dinosaur, Colorado",0,0,0,0,0,0,0,0,0,0,0,0,0,0,0.0,0,281,318.0,247.0,313.0,324.0,314.0,0.0
28644,24175,US,108592,37.3455555556,-108.2925,,Census,Statutory town,CO,"Mancos, Colorado",0,0,0,0,0,0,0,0,0,0,0,383,567,682,646.0,748,785,832.0,709.0,870.0,842.0,1119.0,1336.0
28805,1922,US,31052210,39.3247222222,-106.655555556,,Census,Unknown,CO,"Norrie, Colorado",0,0,0,0,0,0,0,0,0,0,0,0,0,0,0.0,0,0,0.0,0.0,0.0,0.0,0.0,0.0
28822,13053,US,108437,38.705183,-107.610061,,Census,Statutory town,CO,"Crawford, Colorado",0,0,0,0,0,0,0,0,0,0,0,0,0,149,157.0,221,170,147.0,171.0,268.0,221.0,366.0,431.0
28931,7590,US,8736896,40.3286111111,-103.596388889,,Census,Unincorporated community,CO,"Snyder, Colorado",0,0,0,0,0,0,0,0,0,0,0,0,0,0,0.0,0,0,0.0,0.0,0.0,0.0,0.0,0.0
28964,10637,US,108476,38.8552777778,-104.703611111,,Census,Cdp,CO,"Cimarron Hills, Colorado",0,0,0,0,0,0,0,0,0,0,0,0,0,0,0.0,0,0,0.0,0.0,0.0,0.0,0.0,0.0
28983,14669,US,108443,37.6922222222,-108.030833333,,Census,Town,CO,"Rico, Colorado",0,0,0,0,0,0,0,0,0,894,1134,811,368,326,447.0,388,212,353.0,275.0,76.0,92.0,205.0,265.0
29003,26112,US,97016,39.64,-104.33,,Census,US County,CO,"Arapahoe County, Colorado",0,0,0,0,0,0,0,0,6829,38644,132135,153017,10263,13766,22647.0,32150,52125,113426.0,162142.0,293621.0,391511.0,487967.0,572003.0
29084,10052,US,108359,39.8388888889,-104.916944444,,Census,Cdp,CO,"Derby, Colorado",0,0,0,0,0,0,0,0,0,0,0,0,0,0,0.0,0,0,0.0,0.0,0.0,0.0,0.0,0.0
29138,11901,US,108673,40.8683333333,-104.226111111,,Census,Statutory town,CO,"Grover, Colorado",0,0,0,0,0,0,0,0,0,0,0,0,0,195,165.0,137,146,133.0,121.0,158.0,135.0,153.0,137.0
29218,14059,US,108596,38.2666666667,-108.547222222,,Census,Town,CO,"Nucla, Colorado",0,0,0,0,0,0,0,0,0,0,0,0,0,217,221.0,361,457,906.0,949.0,1027.0,656.0,734.0,711.0
29228,6475,US,108550,39.2575,-106.301388889,,Census,Cdp,CO,"Leadville North, Colorado",0,0,0,0,0,0,0,0,0,0,0,0,0,0,0.0,0,0,0.0,0.0,0.0,0.0,0.0,0.0
29302,11930,US,108619,38.1202777778,-102.22,,Census,Statutory town,CO,"Hartman, Colorado",0,0,0,0,0,0,0,0,0,0,0,0,0,175,269.0,148,181,164.0,129.0,122.0,108.0,111.0,81.0
29309,3030,US,13096551,37.1252777778,-104.755555556,,Census,Unknown,CO,"Segundo, Colorado",0,0,0,0,0,0,0,0,0,0,0,0,0,0,0.0,0,0,0.0,0.0,0.0,0.0,0.0,98.0
29374,22058,US,96947,39.98,-103.2,,Census,US County,CO,"Washington County, Colorado",0,0,0,0,0,0,0,0,0,0,2301,1241,6002,11208,9591.0,8336,7520,6625.0,5550.0,5304.0,4812.0,4926.0,4814.0
29393,12657,US,108686,40.5352777778,-104.850833333,,Census,Town,CO,"Severance, Colorado",0,0,0,0,0,0,0,0,0,0,0,0,0,0,0.0,138,108,70.0,59.0,102.0,106.0,597.0,3165.0
29419,14263,US,108435,38.1327777778,-105.465833333,,Census,Town,CO,"Westcliffe, Colorado",0,0,0,0,0,0,0,0,0,0,192,256,232,338,335.0,429,390,306.0,243.0,324.0,312.0,417.0,568.0
29440,21863,US,108523,37.6266666667,-104.783888889,,Census,City,CO,"Walsenburg, Colorado",0,0,0,0,0,0,0,0,0,377,928,1033,2423,3565,5503.0,5855,5596,5071.0,4329.0,3945.0,3300.0,4182.0,3068.0
29552,19291,US,108599,40.2533333333,-103.799166667,,Census,Home rule municipality,CO,"Fort Morgan, Colorado",0,0,0,0,0,0,0,0,0,0,488,634,2800,3818,4423.0,4884,5315,7379.0,7594.0,8768.0,9068.0,11034.0,11315.0
29572,29189,US,54350,37.994497,-105.696273,,Census,Statutory town,CO,"Crestone, Colorado",0,0,0,0,0,0,0,0,0,0,0,0,231,74,86.0,172,72,51.0,34.0,54.0,39.0,73.0,127.0
29817,10230,US,108421,39.8202777778,-105.649444444,,Census,Census-designated place (cdp) &amp; unincorporated community,CO,"St. Mary's, Colorado",0,0,0,0,0,0,0,0,0,0,0,0,0,0,0.0,0,0,0.0,0.0,0.0,0.0,0.0,0.0
29951,10235,US,1962193,40.0566666667,-106.174722222,,Census,Census-designated place,CO,"Parshall, Colorado",0,0,0,0,0,0,0,0,0,0,0,0,0,0,0.0,0,0,0.0,0.0,0.0,0.0,0.0,0.0
29978,14973,US,108630,40.0394444444,-107.910833333,,Census,Statutory town,CO,"Meeker, Colorado",0,0,0,0,0,0,0,0,0,0,260,507,807,935,1069.0,1399,1658,1655.0,1597.0,2356.0,2098.0,2242.0,2475.0
30011,8805,US,1821957,39.9163888889,-105.500833333,,Census,Census-designated place,CO,"Rollinsville, Colorado",0,0,0,0,0,0,0,0,0,0,0,0,0,0,0.0,0,0,0.0,0.0,0.0,0.0,0.0,0.0
30062,11800,US,108641,37.9988888889,-105.906111111,,Census,Statutory town,CO,"Moffat, Colorado",0,0,0,0,0,0,0,0,0,0,0,0,0,0,0.0,149,109,104.0,98.0,105.0,99.0,114.0,116.0
30207,15279,US,14162546,39.4716666667,-104.894722222,,Census,Census-designated place,CO,"Castle Pines Village, Colorado",0,0,0,0,0,0,0,0,0,0,0,0,0,0,0.0,0,0,0.0,0.0,0.0,0.0,0.0,0.0
30310,17165,US,108462,39.641797,-106.515877,,Census,Home rule municipality,CO,"Avon, Colorado",0,0,0,0,0,0,0,0,0,0,0,0,0,0,0.0,0,0,0.0,0.0,640.0,1798.0,5561.0,6447.0
30351,2228,US,37976832,39.8525,-105.043055556,,Census,Unknown,CO,"Shaw Heights, Colorado",0,0,0,0,0,0,0,0,0,0,0,0,0,0,0.0,0,0,0.0,0.0,0.0,0.0,0.0,0.0
30363,1002,US,40531831,,,,Census,Census-designated place,CO,"Saddle Ridge, Colorado",0,0,0,0,0,0,0,0,0,0,0,0,0,0,0.0,0,0,0.0,0.0,0.0,0.0,0.0,0.0
30472,35528,US,108581,39.15,-108.716666667,,Census,Home rule municipality,CO,"Fruita, Colorado",0,0,0,0,0,0,0,0,0,0,0,126,881,1193,1053.0,1486,1463,1830.0,1822.0,2810.0,4045.0,6478.0,12646.0
30505,75420,US,94341,40.027435,-105.251945,,Census,Home rule municipality,CO,"Boulder, Colorado",0,0,0,0,0,0,0,0,343,3069,3330,6150,9539,11006,11223.0,12958,19999,37718.0,66870.0,76685.0,83312.0,94673.0,97385.0
30599,10977,US,108626,37.9452777778,-104.840833333,,Census,Cdp,CO,"Colorado City, Colorado",0,0,0,0,0,0,0,0,0,0,0,0,0,0,0.0,0,0,0.0,0.0,0.0,0.0,0.0,0.0
30613,13797,US,108427,37.439281,-105.513526,,Census,Statutory town,CO,"Blanca, Colorado",0,0,0,0,0,0,0,0,0,0,0,0,0,380,252.0,407,376,233.0,212.0,252.0,272.0,391.0,385.0
30632,22318,US,96990,37.82,-107.28,,Census,US County,CO,"Hinsdale County, Colorado",0,0,0,0,0,0,0,0,0,1487,862,1609,646,538,449.0,349,263,208.0,202.0,408.0,467.0,790.0,843.0
30637,5766,US,40481003,37.6772222222,-106.593055556,,Census,Census-designated place,CO,"Gerrard, Colorado",0,0,0,0,0,0,0,0,0,0,0,0,0,0,0.0,0,0,0.0,0.0,0.0,0.0,0.0,0.0
30676,2242,US,31011599,39.515,-106.656388889,,Census,Unknown,CO,"Fulford, Colorado",0,0,0,0,0,0,0,0,0,0,0,0,0,0,0.0,0,0,0.0,0.0,0.0,0.0,0.0,0.0
30710,22684,US,108436,38.894137,-107.925498,,Census,Home rule municipality,CO,"Cedaredge, Colorado",0,0,0,0,0,0,0,0,0,0,0,0,295,455,463.0,556,574,549.0,581.0,1184.0,1380.0,1854.0,2253.0
30841,9379,US,108488,39.11,-104.845277778,,Census,Census-designated place,CO,"Woodmoor, Colorado",0,0,0,0,0,0,0,0,0,0,0,0,0,0,0.0,0,0,0.0,0.0,0.0,0.0,0.0,0.0
30893,8111,US,31008569,40.0319444444,-105.214444444,,Census,Census-designated place,CO,"Valmont, Colorado",0,0,0,0,0,0,0,0,0,0,0,0,0,0,0.0,0,0,0.0,0.0,0.0,0.0,0.0,0.0
30960,28655,US,97012,40.09,-105.36,,Census,US County,CO,"Boulder County, Colorado",0,0,0,0,0,0,0,0,1939,9723,14082,21544,30330,31861,32456.0,37438,48296,74254.0,131889.0,189625.0,226374.0,271651.0,294567.0
31012,14700,US,8647470,39.7041666667,-102.293055556,,Census,Cdp,CO,"Idalia, Colorado",0,0,0,0,0,0,0,0,0,0,0,0,0,0,0.0,0,0,0.0,0.0,0.0,0.0,0.0,0.0
31105,1917,US,31017134,37.075,-107.593333333,,Census,Unknown,CO,"Southern Ute, Colorado",0,0,0,0,0,0,0,0,0,0,0,0,0,0,0.0,0,0,0.0,0.0,0.0,0.0,0.0,0.0
31185,12103,US,108573,40.7588888889,-103.065833333,,Census,Statutory town,CO,"Iliff, Colorado",0,0,0,0,0,0,0,0,0,0,0,0,0,238,266.0,322,235,204.0,193.0,218.0,174.0,213.0,266.0
31326,10742,US,108623,38.2383333333,-104.354722222,,Census,Cdp,CO,"Avondale, Colorado",0,0,0,0,0,0,0,0,0,0,0,0,0,0,0.0,0,0,0.0,0.0,0.0,0.0,0.0,0.0
31339,33021,US,108559,40.4772222222,-104.911944444,,Census,Town,CO,"Windsor, Colorado",0,0,0,0,0,0,0,0,0,0,173,305,935,1290,1852.0,1811,1548,1509.0,1564.0,4277.0,5062.0,9896.0,18644.0
