,article_length,country,id,lat,lon,poptype,settlement_type,state,title,y1790,y1800,y1810,y1820,y1830,y1840,y1850,y1860,y1870,y1880,y1890,y1900,y1910,y1920,y1930,y1940,y1950,y1960,y1970,y1980,y1990,y2000,y2010
2,11966,US,124741,43.0030555556,-71.9244444444,Census,Town,NH,"Bennington, New Hampshire",0,0,0,0,0,0,541,450,401,443,542,667,690,568,552.0,655,593,591.0,639.0,890,1236,1401.0,1476.0
28,37768,US,94251,43.0755555556,-70.7605555556,Census,City,NH,"Portsmouth, New Hampshire",4720,5339,6934,7327,8026,7887,9738,9335,9211,9690,9827,10637,11269,13569,14495.0,14821,18830,26900.0,25717.0,26254,25925,20784.0,21233.0
30,12841,US,124868,43.3438888889,-71.9411111111,Census,Town,NH,"Sutton, New Hampshire",520,878,1328,1573,1424,1361,1387,1431,1155,993,849,776,698,632,512.0,675,554,487.0,642.0,1091,1457,1544.0,1837.0
31,12638,US,124943,43.5341666667,-72.3561111111,Census,town,NH,"Plainfield, New Hampshire",1024,1435,1463,1460,1581,1552,1392,1620,1589,1372,1173,1114,987,853,858.0,970,1011,1071.0,1323.0,1749,2056,2241.0,2364.0
58,9079,US,124898,42.9125,-71.1244444444,Census,town,NH,"Danville, New Hampshire",0,0,0,0,0,538,614,629,548,613,666,615,517,463,406.0,457,508,605.0,924.0,1318,2534,4023.0,4387.0
163,12693,US,124771,42.7436111111,-71.7688888889,Census,Town,NH,"Mason, New Hampshire",922,1179,1077,1313,1403,1275,1626,1559,1364,645,629,459,325,278,254.0,249,288,349.0,518.0,792,1212,1147.0,1382.0
195,3610,US,124606,44.3258333333,-71.3627777778,Census,Unknown,NH,"Low and Burbank's Grant, New Hampshire",0,0,0,0,0,0,0,0,0,0,0,0,0,0,0.0,0,0,0.0,0.0,1,0,0.0,0.0
401,14810,US,124929,43.4097222222,-70.9883333333,Census,Town,NH,"Milton, New Hampshire",0,0,1005,1232,1273,1322,1629,1862,1598,1516,1640,1625,1542,1428,1206.0,1279,1510,1418.0,1859.0,2438,3691,3910.0,4598.0
421,12742,US,124532,43.5683333333,-71.0297222222,Census,Town,NH,"Wakefield, New Hampshire",646,835,1166,1518,1470,1596,1405,1478,1185,1392,1528,1645,1543,1335,1186.0,1158,1267,1223.0,1420.0,2237,3057,4252.0,5078.0
457,10754,US,124543,43.0483333333,-72.2627777778,Census,Town,NH,"Gilsum, New Hampshire",298,484,513,601,412,656,668,676,590,663,643,590,470,439,506.0,491,578,528.0,570.0,652,745,777.0,813.0
837,11942,US,124614,44.5633333333,-71.5586111111,Census,Town,NH,"Northumberland, New Hampshire",117,205,281,205,342,399,429,736,955,1062,1356,1977,2184,2567,2360.0,2740,2779,2586.0,2493.0,2520,2492,2438.0,2288.0
944,14324,US,124834,43.4441666667,-71.6475,Census,City,NH,"Franklin, New Hampshire",0,0,0,0,1370,1281,1251,1600,2301,3265,4085,5846,6132,6318,6576.0,6749,6552,6742.0,7292.0,7901,8304,8405.0,8477.0
1162,12570,US,124643,43.695,-71.6316666667,Census,Town,NH,"Ashland, New Hampshire",0,0,0,0,0,0,0,0,885,960,1193,1289,1412,1325,1375.0,1460,1599,1473.0,1599.0,1807,1915,1955.0,2076.0
1518,12940,US,124539,42.7805555556,-72.1416666667,Census,Town,NH,"Fitzwilliam, New Hampshire",1038,1240,1301,1167,1229,1366,1482,1294,1140,1187,1122,987,1148,962,850.0,824,872,966.0,1362.0,1795,2011,2141.0,2396.0
1884,15706,US,124852,43.4375,-71.5930555556,Census,Town,NH,"Northfield, New Hampshire",606,925,1057,1304,1169,1413,1332,1051,833,918,1115,1227,1474,1522,1336.0,1543,1561,1784.0,2193.0,3051,4263,4548.0,4829.0
2087,3703,US,124601,44.3005555556,-71.2219444444,Census,Unknown,NH,"Green's Grant, New Hampshire",0,0,0,0,0,0,0,14,71,8,30,13,4,5,4.0,3,0,2.0,0.0,0,0,0.0,1.0
2521,22771,US,124754,43.0202777778,-71.6002777778,Census,Town,NH,"Goffstown, New Hampshire",1275,1612,2000,2173,2218,2366,2270,1740,1656,1690,1981,2528,2579,2391,3839.0,4247,5638,7230.0,9284.0,11315,14621,16929.0,17651.0
2558,7855,US,124559,43.0177777778,-72.3211111111,Census,Town,NH,"Surry, New Hampshire",448,569,564,570,539,481,556,389,318,326,270,250,213,200,198.0,236,291,362.0,507.0,656,667,673.0,732.0
2650,13564,US,124486,43.4427777778,-71.4825,Census,Town,NH,"Belmont, New Hampshire",0,0,0,0,0,0,0,1189,1165,1226,1142,1294,1390,1194,1299.0,1374,1611,1953.0,2493.0,4026,5796,6716.0,7356.0
2985,7395,US,124799,43.1425,-72.0258333333,Census,Town,NH,"Windsor, New Hampshire",120,249,238,237,226,177,172,136,81,420,62,38,24,21,22.0,29,27,35.0,43.0,72,107,201.0,224.0
3195,3331,US,124574,44.2669444444,-71.3636111111,Census,Unknown,NH,"Chandler's Purchase, New Hampshire",0,0,0,0,0,0,0,0,0,0,15,0,0,0,0.0,0,0,0.0,0.0,0,0,0.0,0.0
3262,13168,US,124536,42.8872222222,-72.4702777778,Census,Town,NH,"Chesterfield, New Hampshire",1905,2161,1839,2110,2040,1765,1680,1434,1289,1173,1046,981,770,601,704.0,591,970,1405.0,1817.0,2561,3112,3542.0,3604.0
3437,39639,US,124931,43.3019444444,-70.9730555556,Census,City,NH,"Rochester, New Hampshire",2857,2646,2118,2471,2155,2431,3006,3384,4103,5784,7396,8466,8868,9673,10209.0,12012,13776,15927.0,17938.0,21560,26630,28461.0,29752.0
3497,12924,US,124765,42.8441666667,-71.4797222222,Census,Town,NH,"Litchfield, New Hampshire",357,372,382,465,505,481,447,352,345,291,252,243,255,213,286.0,341,427,721.0,1420.0,4150,5516,7360.0,8271.0
3631,99707,US,21134,,,Census,US State,NH,New Hampshire,141885,183858,214460,244155,269328,284574,317976,326073,318300,346991,376530,411588,430572,443083,465293.0,491524,533242,606921.0,737681.0,920610,1109252,1235786.0,1316470.0
3760,13402,US,124899,43.1461111111,-71.2163888889,Census,town,NH,"Deerfield, New Hampshire",1619,1878,1851,2133,2086,1953,2022,2066,1768,1569,1220,1162,917,746,635.0,749,706,714.0,1178.0,1979,3124,3678.0,4280.0
3767,21978,US,124691,43.6422222222,-72.2516666667,Census,City,NH,"Lebanon, New Hampshire",1180,1574,1808,1710,1868,1754,2127,2322,3094,3354,3703,4965,5718,6162,7073.0,7590,8495,9299.0,9725.0,11134,12183,12568.0,13151.0
3775,12895,US,124806,43.1577777778,-71.4047222222,Census,Town,NH,"Allenstown, New Hampshire",254,315,346,433,421,455,526,414,804,1707,1475,1496,1457,1213,1549.0,1673,1540,1789.0,2732.0,4398,4649,4843.0,4322.0
3835,6199,US,124624,44.2625,-71.2983333333,Census,Township,NH,"Sargent's Purchase, New Hampshire",0,0,0,0,0,0,0,6,0,0,0,0,0,0,0.0,0,16,17.0,0.0,1,0,0.0,3.0
4086,8826,US,124920,42.8936111111,-70.8733333333,Census,Town,NH,"Seabrook, New Hampshire",715,628,774,885,1096,1392,1266,1549,1609,1745,1672,1497,1425,1537,1666.0,1782,1788,2209.0,3053.0,5917,6503,7934.0,8693.0
4117,22200,US,259613,43.1338888889,-70.9263888889,Census,Town,NH,"Durham, New Hampshire",1247,1126,1449,1538,1606,1498,1497,1534,1298,962,871,996,823,749,1217.0,1533,4770,5504.0,8869.0,10652,11818,12664.0,14638.0
4237,3475,US,124621,44.2583333333,-71.255,Census,Unknown,NH,"Pinkham's Grant, New Hampshire",0,0,0,0,0,0,0,0,0,0,8,4,0,0,9.0,10,17,15.0,16.0,30,11,0.0,9.0
4248,10926,US,124930,43.4347222222,-71.1638888889,Census,Town,NH,"New Durham, New Hampshire",554,742,888,1168,1162,1032,1049,1173,973,772,579,625,523,462,448.0,433,463,474.0,583.0,1183,1974,2220.0,2638.0
4641,11694,US,124518,44.1458333333,-71.1808333333,Census,Town,NH,"Jackson, New Hampshire",0,0,0,0,0,0,589,631,474,464,579,624,452,533,321.0,409,344,315.0,404.0,642,678,835.0,816.0
4801,16593,US,259594,43.0966666667,-71.465,Census,Town,NH,"Hooksett, New Hampshire",0,0,0,0,880,1175,1503,1257,1330,1766,1893,1665,1528,1828,2132.0,2273,2792,3713.0,5564.0,7303,8767,11721.0,13451.0
4818,14099,US,124786,42.7344444444,-71.3244444444,Census,Town,NH,"Pelham, New Hampshire",791,918,998,1040,1070,1003,1071,944,861,848,791,875,826,974,814.0,979,1317,2605.0,5408.0,8090,9408,10914.0,12897.0
5031,18896,US,259619,43.3652777778,-72.1733333333,Census,town,NH,"Newport, New Hampshire",780,1266,1427,1679,1913,1958,2020,2077,2163,2612,2623,3126,3765,4109,4659.0,5304,5131,5458.0,5899.0,6229,6110,6269.0,6507.0
5091,11960,US,124910,43.1,-70.8336111111,Census,town,NH,"Newington, New Hampshire",542,481,508,541,549,543,472,475,414,433,401,390,296,398,381.0,418,494,2499.0,798.0,716,990,775.0,753.0
5427,47314,US,124546,42.9336111111,-72.2780555556,Census,City,NH,"Keene, New Hampshire",1314,1645,1646,1895,2374,2610,3392,4320,5971,6784,7446,9165,10068,11210,13794.0,13832,15638,17562.0,20467.0,21449,22430,22955.0,23409.0
5501,13774,US,124926,43.1230555556,-71.0113888889,Census,Town,NH,"Lee, New Hampshire",1029,978,1329,1224,1009,906,862,871,776,715,606,545,479,475,376.0,481,575,931.0,1481.0,2111,3729,4145.0,4330.0
5550,15010,US,93509,42.92,-72.25,Census,US County,NH,"Cheshire County, New Hampshire",28753,38825,40988,45376,27016,26429,30144,27434,27265,28734,29579,31321,30659,30975,33685.0,34953,38811,43342.0,52364.0,62116,70121,73825.0,77117.0
5577,13085,US,124529,43.6961111111,-71.2225,Census,Town,NH,"Tuftonboro, New Hampshire",109,357,709,1232,1375,1281,1305,1186,949,923,767,663,612,311,505.0,586,697,678.0,910.0,1500,1842,2148.0,2387.0
5579,25975,US,332124,42.7647222222,-71.4397222222,Census,Town,NH,"Hudson, New Hampshire",0,0,0,0,1282,1144,1312,1222,1066,1045,1092,1261,1344,1954,2702.0,3409,4183,5876.0,10638.0,14022,19530,22928.0,24467.0
5710,9826,US,124586,44.4158333333,-71.6947222222,Census,Town,NH,"Dalton, New Hampshire",14,62,235,347,532,664,751,666,773,570,596,592,475,460,580.0,642,557,567.0,425.0,672,827,927.0,979.0
5729,14760,US,124922,43.0238888889,-70.9136111111,Census,Town,NH,"Stratham, New Hampshire",882,890,874,892,838,875,840,859,769,720,680,718,602,542,552.0,634,759,1033.0,1512.0,2507,4955,6355.0,7255.0
5742,14718,US,124937,43.4647222222,-72.3691666667,Census,town,NH,"Cornish, New Hampshire",982,1268,1606,1701,1687,1726,1606,1520,1334,1156,954,962,1005,844,855.0,790,989,1106.0,1268.0,1390,1659,1661.0,1640.0
6052,11257,US,124672,43.5733333333,-71.9738888889,Census,Town,NH,"Grafton, New Hampshire",403,682,931,1094,1207,1201,1259,1150,907,934,787,748,641,554,539.0,552,442,348.0,370.0,739,923,1138.0,1340.0
6232,8907,US,124919,42.9283333333,-71.1875,Census,Town,NH,"Sandown, New Hampshire",561,501,504,527,553,525,566,553,496,500,475,400,380,280,229.0,292,315,366.0,741.0,2057,4060,5143.0,5986.0
6241,9925,US,124942,43.2383333333,-72.2105555556,Census,town,NH,"Lempster, New Hampshire",415,729,854,950,999,941,906,820,678,602,519,391,383,287,273.0,312,309,272.0,360.0,637,947,971.0,1154.0
6248,12417,US,124492,43.6052777778,-71.6527777778,Census,Town,NH,"New Hampton, New Hampshire",652,1095,1293,1500,1904,1812,1612,1596,1257,1059,935,852,821,708,692.0,791,723,862.0,946.0,1249,1606,1950.0,2165.0
6340,12269,US,259571,44.2133333333,-71.9108333333,Census,Town,NH,"Lisbon, New Hampshire",0,0,0,0,1485,1682,1881,1886,1844,1807,2060,2221,2460,2288,2324.0,2103,2009,1788.0,1480.0,1517,1664,1587.0,1595.0
6561,12202,US,124566,43.0794444444,-72.4258333333,Census,Town,NH,"Walpole, New Hampshire",1245,1743,1894,2020,1974,2015,2034,1868,1830,2018,2163,2693,2668,2553,2287.0,2400,2536,2825.0,2966.0,3188,3210,3594.0,3734.0
6598,18695,US,124740,42.9463888889,-71.5158333333,Census,Town,NH,"Bedford, New Hampshire",898,1182,1296,1375,1554,1549,1914,1172,1221,1204,1102,1148,1110,1118,1326.0,1561,2176,3636.0,5859.0,9481,12563,18274.0,21203.0
6676,18595,US,259609,43.0827777778,-70.935,Census,town,NH,"Newmarket, New Hampshire",1137,1027,1061,1083,2013,2746,1937,2034,1987,2368,2742,2892,3348,3181,2511.0,2640,2709,3153.0,3361.0,4290,7157,8027.0,8936.0
6762,9350,US,124695,44.0744444444,-71.3772222222,Census,Unknown,NH,"Livermore, New Hampshire",0,0,0,0,0,0,0,0,0,103,155,191,64,98,23.0,4,0,0.0,0.0,0,0,3.0,0.0
6812,18932,US,124842,43.1913888889,-71.6752777778,Census,Town,NH,"Hopkinton, New Hampshire",1715,2015,2216,2437,2474,2454,2169,2178,1814,1836,1817,1652,1578,1438,1485.0,1587,1831,2225.0,3007.0,3861,4806,5399.0,5589.0
6890,12172,US,124488,43.5475,-71.4072222222,Census,Town,NH,"Gilford, New Hampshire",0,0,0,1816,1872,2072,2432,2811,3361,2821,3585,661,744,738,783.0,996,1251,2043.0,3219.0,4841,5867,6803.0,7126.0
6920,12447,US,124715,43.8041666667,-71.8133333333,Census,Town,NH,"Rumney, New Hampshire",411,624,765,864,993,1110,1109,1103,1165,1056,947,837,850,911,858.0,861,859,820.0,870.0,1212,1446,1480.0,1480.0
7014,19046,US,124737,42.8613888889,-71.6252777778,Census,Town,NH,"Amherst, New Hampshire",2369,1470,1554,1622,1657,1565,1613,1598,1353,1225,1053,1231,1060,868,1115.0,1174,1461,2051.0,4605.0,8243,9068,10769.0,11201.0
7076,4908,US,3339027,44.7475,-71.3797222222,Census,Unknown,NH,"Odell, New Hampshire",0,0,0,0,0,0,0,1,0,0,0,0,0,73,0.0,82,12,0.0,3.0,0,0,5.0,4.0
7155,9916,US,124911,42.8694444444,-71.0344444444,Census,town,NH,"Newton, New Hampshire",530,450,454,477,510,541,685,850,856,1606,1064,924,962,872,848.0,900,1173,1419.0,1920.0,3068,3473,4289.0,4603.0
7707,16088,US,124742,42.7336111111,-71.6636111111,Census,Town,NH,"Brookline, New Hampshire",338,454,538,592,627,652,718,756,741,698,548,505,501,546,511.0,561,671,795.0,1167.0,1766,2410,4181.0,4991.0
7729,16452,US,124623,44.3752777778,-71.2797222222,Census,Town,NH,"Randolph, New Hampshire",0,0,0,0,143,115,113,118,138,203,137,137,137,67,82.0,114,158,140.0,169.0,274,371,339.0,310.0
8157,18861,US,259615,43.3897222222,-71.0655555556,Census,Town,NH,"Farmington, New Hampshire",0,1029,1272,1716,1464,1380,1699,2275,2063,3044,3064,2265,2621,2461,2698.0,3095,3454,3287.0,3588.0,4630,5739,5774.0,6786.0
8170,15918,US,259549,42.8138888889,-72.0230555556,Census,Town,NH,"Jaffrey, New Hampshire",1235,1341,1336,1339,1354,1411,1497,1453,1256,1267,1469,1801,1895,2303,2485.0,2879,2911,3154.0,3353.0,4349,5361,5476.0,5457.0
8255,10664,US,124527,43.7908333333,-71.4111111111,Census,Town,NH,"Sandwich, New Hampshire",905,1413,2232,2368,2743,2625,2577,2227,1854,1701,1303,1077,928,1175,731.0,742,615,620.0,666.0,905,1066,1286.0,1326.0
8304,8693,US,124726,43.9563888889,-71.5086111111,Census,Town,NH,"Waterville Valley, New Hampshire",0,0,0,0,96,63,42,48,33,54,39,50,16,95,23.0,26,11,14.0,109.0,180,151,257.0,247.0
8467,9371,US,124906,42.9269444444,-70.9438888889,Census,town,NH,"Kensington, New Hampshire",800,776,781,709,717,647,700,672,642,614,547,524,417,383,438.0,458,542,708.0,1044.0,1322,1631,1893.0,2124.0
8683,12331,US,124561,42.8697222222,-72.2816666667,Census,Town,NH,"Swanzey, New Hampshire",1157,1271,1400,1716,1816,1755,2106,1798,1626,1661,1600,1570,1656,1593,2066.0,2262,2806,3626.0,4254.0,5183,6236,6800.0,7230.0
8772,15318,US,124918,42.7883333333,-71.2008333333,Census,Town,NH,"Salem, New Hampshire",1218,1077,1179,1311,1310,1408,1555,1670,1603,1809,1805,2041,2117,2318,2751.0,3267,4805,9210.0,20142.0,24124,25746,28112.0,28776.0
8983,18570,US,259541,43.6577777778,-71.5005555556,Census,Town,NH,"Meredith, New Hampshire",881,1609,1940,2416,2683,3344,3521,1944,1807,1800,1642,1713,1638,1680,1902.0,2192,2222,2434.0,2904.0,4646,4837,5943.0,6241.0
9058,11539,US,124745,43.0730555556,-71.8444444444,Census,Town,NH,"Deering, New Hampshire",928,1244,1363,1415,1227,1124,890,793,722,674,531,486,353,287,324.0,367,392,345.0,578.0,1041,1707,1875.0,1912.0
9071,12043,US,124845,43.4138888889,-71.9852777778,Census,Town,NH,"New London, New Hampshire",311,617,692,924,913,1019,945,952,959,875,799,768,805,701,812.0,1039,1484,1738.0,2236.0,2935,3180,4116.0,4397.0
9223,12530,US,124758,42.9727777778,-71.9797222222,Census,Town,NH,"Hancock, New Hampshire",634,1120,1184,1178,1316,1345,1012,844,692,689,637,642,642,531,561.0,631,612,722.0,909.0,1193,1604,1739.0,1654.0
9229,8518,US,124661,44.1461111111,-71.79,Census,Town,NH,"Easton, New Hampshire",0,0,0,0,0,0,0,0,0,302,248,249,226,131,132.0,156,94,74.0,92.0,124,223,256.0,254.0
9278,14910,US,259611,43.0361111111,-71.1833333333,Census,town,NH,"Raymond, New Hampshire",727,808,898,961,1000,989,1256,1269,1121,1053,1131,1100,1203,1050,1165.0,1340,1428,1867.0,3003.0,5453,8713,9674.0,10138.0
9394,13658,US,124520,43.755,-71.3963888889,Census,Town,NH,"Moultonborough, New Hampshire",565,857,994,1279,1422,1752,1748,1448,1299,1254,1034,901,783,758,709.0,788,880,840.0,1310.0,2206,2956,4484.0,4044.0
9438,14149,US,124878,42.8383333333,-71.1469444444,Census,town,NH,"Atkinson, New Hampshire",479,474,556,563,555,567,600,546,488,502,483,442,440,413,407.0,434,492,1017.0,2291.0,4397,5188,6178.0,6751.0
9513,12450,US,124945,43.3875,-72.0877777778,Census,town,NH,"Sunapee, New Hampshire",267,355,447,603,637,795,787,778,808,895,900,946,1071,898,1040.0,1071,1108,1164.0,1384.0,2312,2559,3055.0,3365.0
9691,4305,US,124570,44.9833333333,-71.1161111111,Census,Unknown,NH,"Atkinson and Gilmanton Academy Grant, New Hampshire",0,0,0,0,0,0,0,0,0,0,0,0,1,20,1.0,0,0,0.0,4.0,0,0,12.0,0.0
9699,9672,US,124831,43.1025,-71.6163888889,Census,Town,NH,"Dunbarton, New Hampshire",917,1222,1256,1450,1067,950,915,901,778,708,524,551,513,405,572.0,495,533,632.0,825.0,1174,1759,2226.0,2758.0
9754,5550,US,124640,44.8397222222,-71.1344444444,Census,Unknown,NH,"Wentworth's Location, New Hampshire",0,0,0,0,0,0,0,57,38,55,25,61,51,50,38.0,57,48,58.0,37.0,49,53,44.0,33.0
9769,23785,US,124925,43.1947222222,-70.875,Census,City,NH,"Dover, New Hampshire",1998,2062,2228,2871,5449,6458,8196,8502,9294,11687,12790,13207,13247,13029,13573.0,13990,15874,19131.0,20850.0,22377,25042,26884.0,29987.0
9835,16464,US,259601,43.0333333333,-71.0741666667,Census,town,NH,"Epping, New Hampshire",1233,1121,1182,1158,1263,1234,1663,1414,1270,1536,1721,1641,1649,1276,1672.0,1618,1796,2006.0,2356.0,3460,5549,5476.0,6411.0
9880,14743,US,124705,44.2602777778,-72.0547222222,Census,Town,NH,"Monroe, New Hampshire",0,0,0,0,0,0,0,619,532,504,478,545,429,356,457.0,430,410,421.0,385.0,619,746,759.0,788.0
10013,11944,US,124537,42.9058333333,-72.0608333333,Census,Town,NH,"Dublin, New Hampshire",901,1188,1184,1620,1218,1075,1088,1096,930,456,582,620,571,408,506.0,621,675,684.0,837.0,1303,1474,1476.0,1597.0
10120,3045,US,124608,44.3286111111,-71.2138888889,Census,Unknown,NH,"Martin's Location, New Hampshire",0,0,0,0,0,0,0,19,17,33,5,0,3,4,0.0,0,0,2.0,0.0,0,0,0.0,0.0
10143,22197,US,259543,43.9786111111,-71.1188888889,Census,Town,NH,"Conway, New Hampshire",574,705,1080,1365,1601,1811,1767,1624,1607,2094,2331,3154,3413,3102,3217.0,3651,4109,4298.0,4865.0,7158,7940,8604.0,10115.0
10173,14097,US,124533,43.1488888889,-72.3605555556,Census,Town,NH,"Alstead, New Hampshire",1111,1666,1694,1611,1552,1454,1425,1318,1213,1037,870,799,711,672,616.0,683,851,843.0,1185.0,1461,1721,1944.0,1937.0
10175,12110,US,124609,44.5733333333,-71.185,Census,Town,NH,"Milan, New Hampshire",0,0,0,0,243,386,493,789,710,895,1029,1135,924,730,719.0,782,743,661.0,713.0,1013,1295,1331.0,1337.0
10181,10819,US,124794,42.8180555556,-71.8513888889,Census,Town,NH,"Temple, New Hampshire",747,867,941,752,647,576,579,501,421,492,342,313,284,263,239.0,258,330,361.0,441.0,692,1194,1297.0,1366.0
10183,8075,US,124635,44.6541666667,-71.5586111111,Census,Town,NH,"Stratford, New Hampshire",146,281,339,335,443,441,552,716,886,1016,1128,968,844,794,918.0,1049,973,1029.0,980.0,989,927,942.0,746.0
10365,16352,US,35561245,44.3877777778,-71.1730555556,Census,Town,NH,"Gorham, New Hampshire",0,0,0,0,0,156,224,907,1167,1383,1710,1797,2155,2734,2763.0,2597,2639,3039.0,2998.0,3322,3173,2895.0,2848.0
10385,28176,US,259607,42.865,-71.3738888889,Census,town,NH,"Londonderry, New Hampshire",2622,2650,2766,3127,1469,1556,1731,1717,1405,1363,1220,1408,1533,1303,1373.0,1429,1640,2457.0,5346.0,13598,19781,23236.0,24129.0
10450,4110,US,124511,44.0391666667,-71.1722222222,Census,Unknown,NH,"Hale's Location, New Hampshire",0,0,0,0,0,0,0,0,0,0,0,0,0,0,0.0,0,0,8.0,0.0,2,0,58.0,120.0
10463,8515,US,124650,43.6377777778,-71.7361111111,Census,Town,NH,"Bridgewater, New Hampshire",281,664,1104,727,783,747,667,560,453,384,332,244,187,199,151.0,226,222,293.0,398.0,606,796,974.0,1083.0
10475,20830,US,259560,44.4888888889,-71.5691666667,Census,Town,NH,"Lancaster, New Hampshire",161,440,717,844,1187,1316,1559,2020,2248,2721,3373,3190,3054,2819,2887.0,3095,3113,3138.0,3166.0,3401,3522,3280.0,3507.0
10479,15457,US,124647,44.2802777778,-71.6880555556,Census,Town,NH,"Bethlehem, New Hampshire",0,171,422,467,665,779,950,896,998,1400,1267,1261,1201,866,872.0,935,882,898.0,1142.0,1784,2033,2199.0,2526.0
10488,41149,US,124936,43.3722222222,-72.3375,Census,City,NH,"Claremont, New Hampshire",1435,1889,2094,1702,2526,3217,3606,4026,4053,4704,5565,6498,7529,9524,12377.0,12144,12811,13563.0,14221.0,14557,13902,13151.0,13355.0
10578,23557,US,124579,44.8944444444,-71.4958333333,Census,Town,NH,"Colebrook, New Hampshire",29,160,325,469,542,743,908,1118,1372,1580,1736,1876,1905,1811,1937.0,2096,2116,2389.0,2094.0,2459,2444,2321.0,2301.0
10655,14342,US,124893,42.9566666667,-71.2572222222,Census,town,NH,"Chester, New Hampshire",1902,2046,2030,2262,2039,1304,1301,1275,1153,1136,958,861,818,652,653.0,702,807,1053.0,1382.0,2006,2691,3792.0,4768.0
10760,11908,US,124947,43.1763888889,-72.0975,Census,town,NH,"Washington, New Hampshire",545,819,820,992,1135,1103,1053,897,839,682,569,464,360,308,245.0,278,168,162.0,248.0,411,628,895.0,1123.0
10804,12733,US,124807,43.4363888889,-71.8233333333,Census,Town,NH,"Andover, New Hampshire",645,1133,1259,1642,1324,1169,1220,1243,1206,1204,1090,1179,1201,1121,1031.0,1108,1057,955.0,1138.0,1587,1883,2109.0,2371.0
10811,15747,US,93501,43.3,-71.68,Census,US County,NH,"Merrimack County, New Hampshire",0,0,0,0,34614,36253,40337,41408,42151,46300,49435,52430,53335,51770,56152.0,60710,63022,67785.0,80925.0,98302,120005,136225.0,146445.0
10884,11667,US,124509,43.8136111111,-71.0363888889,Census,Town,NH,"Freedom, New Hampshire",0,0,0,0,0,926,910,917,737,714,630,594,542,467,390.0,352,315,363.0,387.0,720,935,1303.0,1489.0
11012,11676,US,124913,43.1941666667,-71.1508333333,Census,town,NH,"Northwood, New Hampshire",744,950,1095,1260,1342,1182,1308,1502,1430,1345,1478,1304,1059,891,872.0,873,966,1034.0,1526.0,2175,3124,3640.0,4241.0
11023,7502,US,3339072,44.765,-71.2705555556,Census,Unknown,NH,"Millsfield, New Hampshire",0,0,0,0,33,12,0,15,28,62,62,41,12,45,33.0,34,16,7.0,18.0,7,21,22.0,23.0
11056,14381,US,124487,43.7080555556,-71.4636111111,Census,Town,NH,"Center Harbor, New Hampshire",0,263,349,486,577,584,543,484,446,521,479,422,420,422,382.0,355,451,511.0,540.0,808,996,996.0,1096.0
11072,11045,US,124916,42.8363888889,-71.0947222222,Census,town,NH,"Plaistow, New Hampshire",521,459,424,492,591,626,748,861,879,1062,1085,1027,1173,1368,1366.0,1414,2082,2915.0,4712.0,5609,7316,7747.0,7609.0
11286,11260,US,124901,42.9908333333,-71.1425,Census,town,NH,"Fremont, New Hampshire",0,0,0,0,0,0,509,579,527,624,726,749,622,519,571.0,634,698,783.0,993.0,1333,2576,3510.0,4283.0
11331,9964,US,124629,44.9138888889,-71.1130555556,Census,Unknown,NH,"Second College Grant, New Hampshire",0,0,0,0,0,0,0,0,11,18,13,0,0,0,0.0,0,0,6.0,0.0,2,0,0.0,0.0
11590,15986,US,124682,43.7311111111,-71.5883333333,Census,Town,NH,"Holderness, New Hampshire",329,531,835,1160,1429,1528,1744,1765,793,703,595,662,652,602,644.0,735,731,749.0,1048.0,1586,1694,1930.0,2108.0
11608,10161,US,124912,42.9725,-70.8297222222,Census,town,NH,"North Hampton, New Hampshire",657,653,651,764,767,885,822,771,723,774,804,812,782,677,695.0,818,1104,1910.0,3259.0,3425,3637,4259.0,4301.0
11678,12429,US,124549,42.9894444444,-72.1277777778,Census,Town,NH,"Nelson, New Hampshire",721,977,1076,907,875,835,750,699,744,438,332,295,231,171,162.0,282,231,222.0,304.0,442,535,634.0,729.0
11735,14492,US,124524,43.6847222222,-71.1172222222,Census,Town,NH,"Ossipee, New Hampshire",339,1143,1330,1988,1935,2170,2123,1997,1822,1782,1630,1479,1354,1122,1230.0,1498,1412,1409.0,1647.0,2465,3309,4211.0,4345.0
11856,9908,US,124548,43.1158333333,-72.1969444444,Census,Town,NH,"Marlow, New Hampshire",313,543,566,597,645,626,708,813,716,701,584,488,425,401,330.0,288,330,350.0,390.0,542,650,747.0,742.0
12118,9799,US,124873,43.4508333333,-71.9133333333,Census,Town,NH,"Wilmot, New Hampshire",0,0,298,670,834,1212,1272,1195,1072,1080,840,653,614,536,495.0,466,370,391.0,516.0,725,935,1144.0,1358.0
12430,13829,US,124932,43.2361111111,-70.8188888889,Census,Town,NH,"Rollinsford, New Hampshire",0,0,0,0,0,0,1862,2069,1500,1712,2003,1701,1836,1701,1409.0,1463,1652,1935.0,2273.0,2319,2645,2648.0,2527.0
12446,22196,US,124489,43.4238888889,-71.4136111111,Census,Town,NH,"Gilmanton, New Hampshire",2613,3752,4338,3752,3816,3485,3282,2373,1642,1485,1211,1100,968,814,676.0,708,754,736.0,1010.0,1941,2609,3060.0,3777.0
12460,11370,US,124810,43.1319444444,-71.5491666667,Census,Town,NH,"Bow, New Hampshire",568,719,729,935,1065,1001,1055,909,745,734,725,617,676,568,780.0,942,1062,1340.0,2479.0,4015,5500,7138.0,7519.0
12596,12755,US,124714,43.9697222222,-72.0797222222,Census,Town,NH,"Piermont, New Hampshire",426,670,877,1016,1042,1057,948,949,792,752,709,637,592,577,475.0,535,511,477.0,462.0,507,624,709.0,790.0
12602,13965,US,259579,42.7672222222,-71.8122222222,Census,Town,NH,"Greenville, New Hampshire",0,0,0,0,0,0,0,0,0,1072,1255,1608,1374,1346,1319.0,1236,1280,1385.0,1587.0,1988,2231,2224.0,2105.0
12709,10086,US,124934,43.2702777778,-71.1261111111,Census,Town,NH,"Strafford, New Hampshire",0,0,0,2144,2200,2021,1920,2047,1669,1531,1304,1040,786,764,617.0,714,770,722.0,965.0,1663,2965,3626.0,3991.0
12763,12683,US,124924,43.2227777778,-71.0469444444,Census,Town,NH,"Barrington, New Hampshire",2470,2773,3564,1610,1895,1845,1752,1963,1581,1497,1408,1208,900,616,613.0,780,1052,1036.0,1865.0,4404,6164,7475.0,8576.0
12790,12948,US,124528,43.8594444444,-71.2627777778,Census,Town,NH,"Tamworth, New Hampshire",266,757,1134,1442,1554,1716,1766,1078,1344,1274,1025,1050,993,945,955.0,1056,1025,1016.0,1054.0,1672,2165,2510.0,2856.0
12849,12421,US,124813,43.27,-71.96,Census,Town,NH,"Bradford, New Hampshire",217,740,1034,1318,1285,1331,1341,1180,1081,950,810,805,695,580,587.0,661,606,508.0,679.0,1115,1405,1454.0,1650.0
12852,13057,US,124882,42.9786111111,-71.0727777778,Census,town,NH,"Brentwood, New Hampshire",976,899,905,892,891,888,923,887,895,999,967,957,759,685,725.0,720,819,1072.0,1468.0,2004,2590,3197.0,4486.0
12941,9466,US,124938,43.4505555556,-72.1630555556,Census,town,NH,"Croydon, New Hampshire",537,984,864,1060,1057,956,861,755,652,608,512,372,324,230,269.0,312,349,312.0,396.0,457,627,661.0,764.0
12970,10231,US,124833,43.2225,-71.3325,Census,Town,NH,"Epsom, New Hampshire",799,1034,1156,1336,1408,1205,1366,1216,993,909,815,771,725,655,678.0,797,756,1002.0,1469.0,2743,3591,4021.0,4566.0
12972,13912,US,259597,43.3047222222,-71.3283333333,Census,Town,NH,"Pittsfield, New Hampshire",888,987,1050,1178,1271,1719,1828,1838,1600,1974,2605,2129,2222,1914,2018.0,2183,2321,2419.0,2517.0,2889,3701,3931.0,4106.0
13140,23755,US,124905,42.9161111111,-70.8636111111,Census,Unknown,NH,"Hampton Falls, New Hampshire",541,519,570,572,582,656,640,621,679,678,623,560,552,483,481.0,493,629,885.0,1254.0,1372,1467,1890.0,2236.0
13230,14774,US,93455,43.29,-71.03,Census,US County,NH,"Strafford County, New Hampshire",23611,32614,41595,51117,58910,61127,29374,31493,30243,35558,38442,39337,38951,38546,38580.0,43553,51567,59799.0,70431.0,85408,104233,112233.0,123143.0
13415,15747,US,259565,43.5911111111,-71.7366666667,Census,Town,NH,"Bristol, New Hampshire",0,0,0,675,799,1153,1103,1124,1416,1352,1524,1600,1478,1428,1610.0,1632,1586,1470.0,1670.0,2198,2537,3033.0,3054.0
13456,12216,US,124544,42.945,-72.0963888889,Census,Town,NH,"Harrisville, New Hampshire",0,0,0,0,0,0,0,0,0,870,748,791,623,559,512.0,509,519,459.0,584.0,860,981,1075.0,961.0
13466,14217,US,124565,42.825,-72.1836111111,Census,Town,NH,"Troy, New Hampshire",0,0,0,676,676,683,759,761,767,796,999,1527,1331,1444,1267.0,1321,1360,1445.0,1713.0,2131,2097,1962.0,2145.0
13681,6225,US,3339005,44.4952777778,-71.3925,Census,Unknown,NH,"Kilkenny, New Hampshire",0,18,28,24,27,0,0,0,0,0,0,47,0,2,0.0,0,0,0.0,0.0,0,0,0.0,0.0
13744,14752,US,124917,43.0133333333,-70.7708333333,Census,Town,NH,"Rye, New Hampshire",865,890,1020,1127,1172,1205,1295,1199,993,1111,978,1142,1014,1196,1081.0,1246,1982,3244.0,4083.0,4508,4612,5182.0,5298.0
13776,18597,US,124514,44.0863888889,-71.3519444444,Census,Town,NH,"Hart's Location, New Hampshire",0,0,0,0,0,0,0,0,26,70,187,38,85,35,29.0,17,11,7.0,7.0,27,36,37.0,41.0
13792,17166,US,124933,43.2625,-70.8641666667,Census,City,NH,"Somersworth, New Hampshire",943,932,878,841,3090,3283,4943,4787,4504,5586,6207,7023,6704,6688,5680.0,6136,6927,8529.0,9026.0,10350,11249,11477.0,11766.0
13806,11477,US,124599,44.7813888889,-71.1377777778,Census,Town,NH,"Errol, New Hampshire",0,0,38,26,82,104,138,178,178,161,178,305,211,241,293.0,235,224,220.0,199.0,313,292,298.0,291.0
13924,9607,US,124903,42.8744444444,-71.1811111111,Census,town,NH,"Hampstead, New Hampshire",724,790,738,751,913,890,789,930,935,950,860,823,796,670,775.0,823,902,1261.0,2401.0,3785,6732,8297.0,8523.0
14123,20267,US,93503,42.92,-71.72,Census,US County,NH,"Hillsborough County, New Hampshire",32883,43899,49249,53884,37724,42494,57478,62140,64238,75634,93247,112640,126072,135512,140165.0,144888,156987,178161.0,223941.0,276608,336073,380841.0,400721.0
14188,16047,US,124815,43.3363888889,-71.5647222222,Census,Town,NH,"Canterbury, New Hampshire",1038,1114,1526,1696,1663,1643,1614,1522,1169,1033,964,821,680,655,505.0,659,627,674.0,895.0,1410,1687,1979.0,2352.0
14220,9356,US,124818,43.2491666667,-71.3997222222,Census,Town,NH,"Chichester, New Hampshire",491,775,951,1010,1084,1028,997,1041,871,784,661,598,606,507,567.0,587,735,821.0,1083.0,1492,1942,2236.0,2523.0
14323,19243,US,259605,42.9375,-70.8388888889,Census,town,NH,"Hampton, New Hampshire",853,875,990,1098,1102,1320,1192,1230,1177,1184,1330,1209,1215,1251,1507.0,2137,2847,5379.0,8011.0,10493,12324,14973.0,14976.0
14369,12813,US,124494,43.4422222222,-71.5894444444,Census,Town,NH,"Tilton, New Hampshire",0,0,0,0,0,0,0,0,1147,1232,1521,1926,1866,2014,1712.0,1738,2085,2137.0,2579.0,3387,3240,3477.0,3567.0
14374,12449,US,124826,43.5258333333,-71.8633333333,Census,Town,NH,"Danbury, New Hampshire",111,165,345,467,786,800,934,947,796,760,683,654,592,516,498.0,578,496,435.0,489.0,680,884,1071.0,1164.0
14531,10613,US,124674,43.7016666667,-71.8355555556,Census,Town,NH,"Groton, New Hampshire",373,391,549,686,669,870,776,778,583,566,464,346,319,199,202.0,182,105,99.0,120.0,255,318,456.0,593.0
14643,13592,US,124854,43.1466666667,-71.4575,Census,Town,NH,"Pembroke, New Hampshire",956,982,1153,1256,1312,1336,1733,1313,2518,2797,3172,3183,3062,2563,2792.0,2769,3094,3514.0,4261.0,4861,6561,6897.0,7115.0
14677,16210,US,124604,44.4188888889,-71.4744444444,Census,Town,NH,"Jefferson, New Hampshire",0,112,197,252,492,575,629,700,826,951,1062,1080,1061,960,771.0,763,728,600.0,714.0,803,965,1006.0,1107.0
14952,3512,US,124585,44.2066666667,-71.3375,Census,Unknown,NH,"Cutt's Grant, New Hampshire",0,0,0,0,0,0,0,0,0,0,0,0,0,0,0.0,0,0,0.0,0.0,0,0,0.0,0.0
15101,22904,US,124923,42.8005555556,-71.3041666667,Census,Town,NH,"Windham, New Hampshire",663,751,742,889,1006,926,818,846,753,695,632,641,656,543,538.0,630,964,1317.0,3008.0,5664,9000,10709.0,13592.0
15109,9113,US,124556,42.955,-72.2058333333,Census,Town,NH,"Roxbury, New Hampshire",0,0,0,366,322,286,260,212,174,126,129,100,66,56,53.0,113,117,137.0,161.0,190,248,237.0,229.0
15146,4979,US,3336300,44.2536111111,-71.3730555556,Census,Unknown,NH,"Bean's Grant, New Hampshire",0,0,0,0,0,0,0,0,0,0,0,0,0,0,0.0,0,0,0.0,0.0,0,0,0.0,0.0
15376,10419,US,124766,42.9075,-71.7663888889,Census,Town,NH,"Lyndeborough, New Hampshire",1280,976,1074,1168,1147,1033,968,823,820,818,657,686,660,428,399.0,452,552,594.0,789.0,1070,1294,1585.0,1683.0
15414,9611,US,124500,43.5588888889,-71.065,Census,Town,NH,"Brookfield, New Hampshire",0,504,657,690,679,553,552,510,416,428,349,296,247,186,166.0,142,159,145.0,198.0,385,518,604.0,712.0
15463,15573,US,124879,43.0044444444,-71.3483333333,Census,town,NH,"Auburn, New Hampshire",0,0,0,0,0,869,810,886,815,719,631,682,637,652,735.0,807,1158,1292.0,2035.0,2883,4085,4682.0,4953.0
15533,13019,US,124782,42.9758333333,-71.6916666667,Census,Town,NH,"New Boston, New Hampshire",1202,1491,1619,1686,1680,1570,1477,1369,1241,1144,1067,1002,982,768,693.0,773,865,925.0,1390.0,1928,3214,4138.0,5321.0
15654,14745,US,124644,44.1669444444,-71.9661111111,Census,Town,NH,"Bath, New Hampshire",498,825,1316,1498,1627,1591,1574,1366,1168,1032,935,1006,978,838,785.0,686,706,604.0,607.0,761,784,893.0,1077.0
15714,16317,US,124675,44.0341666667,-72.0638888889,Census,Town,NH,"Haverhill, New Hampshire",552,805,1105,1609,2183,2675,2405,2291,2271,2455,2545,3414,3498,3406,3665.0,3487,3357,3127.0,3090.0,3445,4164,4416.0,4697.0
15745,14388,US,124907,42.9363888889,-71.0533333333,Census,town,NH,"Kingston, New Hampshire",906,785,746,847,929,1032,1192,1216,1054,1080,1120,1132,1015,859,1017.0,1002,1283,1672.0,2882.0,4111,5591,5862.0,6025.0
15767,4341,US,124639,44.2983333333,-71.3116666667,Census,Unknown,NH,"Thompson and Meserve's Purchase, New Hampshire",0,0,0,0,0,0,0,32,0,0,0,18,4,0,2.0,0,2,1.0,0.0,2,0,0.0,0.0
15806,10265,US,124645,44.1030555556,-71.9016666667,Census,Town,NH,"Benton, New Hampshire",0,0,0,0,0,413,478,459,375,378,244,209,219,177,255.0,262,247,172.0,194.0,333,330,314.0,364.0
15868,13494,US,124493,43.4911111111,-71.5836111111,Census,Town,NH,"Sanbornton, New Hampshire",1587,2695,2884,3329,2866,2745,2695,2743,1236,1192,1027,944,850,617,654.0,677,755,857.0,1022.0,1679,2136,2581.0,2966.0
15927,38880,US,124571,44.4686111111,-71.1838888889,Census,City,NH,"Berlin, New Hampshire",0,0,0,0,73,116,173,433,529,1144,3729,8886,11780,16104,20018.0,19084,16615,17821.0,15256.0,13084,11824,10331.0,10051.0
15998,22089,US,124491,43.5275,-71.4702777778,Census,City,NH,"Laconia, New Hampshire",0,0,0,0,0,0,0,1806,2309,3790,6143,8042,10183,10897,12471.0,13484,14745,15288.0,14888.0,15575,15743,16411.0,15951.0
16171,7414,US,124871,43.3288888889,-71.7177777778,Census,Town,NH,"Webster, New Hampshire",0,0,0,0,0,0,0,0,689,647,564,496,445,334,360.0,351,386,457.0,680.0,1095,1405,1579.0,1872.0
16185,10009,US,124915,43.1144444444,-71.0997222222,Census,Town,NH,"Nottingham, New Hampshire",1068,964,1063,1126,1157,1193,1268,1297,1130,1095,988,638,607,520,451.0,468,566,623.0,952.0,1952,2939,3701.0,4785.0
16233,6274,US,124591,44.9166666667,-71.2827777778,Census,Unknown,NH,"Dixville, New Hampshire",0,0,12,2,2,4,0,0,8,32,11,15,12,24,25.0,13,13,18.0,18.0,36,50,75.0,12.0
16599,24160,US,259617,43.2344444444,-72.4244444444,Census,town,NH,"Charlestown, New Hampshire",1093,1364,1501,1702,1773,1722,1644,1758,1741,1587,1466,1473,1496,1505,1644.0,1756,2077,2576.0,3274.0,4417,4630,4749.0,5114.0
16672,9502,US,124789,42.8130555556,-71.9155555556,Census,Town,NH,"Sharon, New Hampshire",259,428,446,391,271,251,226,250,182,203,137,122,71,21,38.0,61,62,78.0,136.0,184,299,360.0,352.0
16828,9902,US,124900,42.9255555556,-71.0166666667,Census,town,NH,"East Kingston, New Hampshire",358,392,442,443,442,551,532,598,553,576,461,496,413,384,347.0,424,449,574.0,838.0,1135,1352,1784.0,2357.0
17032,8649,US,124941,43.1666666667,-72.3802777778,Census,town,NH,"Langdon, New Hampshire",244,484,632,654,667,615,575,478,411,364,305,339,340,279,267.0,276,378,338.0,337.0,437,580,586.0,688.0
17067,13415,US,18143,44.045,-71.6705555556,Census,Town,NH,"Lincoln, New Hampshire",22,41,100,32,50,76,57,71,71,65,110,541,1278,1473,1548.0,1560,1415,1228.0,1341.0,1313,1229,1271.0,1662.0
17155,10958,US,124597,44.6105555556,-71.2008333333,Census,Town,NH,"Dummer, New Hampshire",0,0,7,27,65,57,171,289,317,464,455,349,292,266,298.0,274,229,202.0,225.0,390,327,309.0,304.0
17241,11248,US,124677,43.6936111111,-71.8066666667,Census,Town,NH,"Hebron, New Hampshire",0,281,563,572,538,508,565,475,382,329,245,214,213,184,197.0,151,130,153.0,234.0,349,386,459.0,602.0
17312,35023,US,332123,42.8705555556,-71.9516666667,Census,Town,NH,"Peterborough, New Hampshire",861,1333,1537,1500,1984,2163,2222,2265,2236,2206,2507,2527,2277,2615,2521.0,2470,2556,2963.0,3807.0,4895,5239,5883.0,6284.0
17355,38353,US,124762,42.7430555556,-71.5916666667,Unknown,Town,NH,"Hollis, New Hampshire",1441,1557,1529,1543,1501,1333,1293,1370,1079,1077,1000,910,935,775,870.0,996,1196,1720.0,2616.0,4679,5705,7017.0,7684.0
17395,11197,US,124753,42.9875,-71.8125,Census,Town,NH,"Francestown, New Hampshire",982,1355,1451,1479,1540,1308,1114,1082,932,937,837,693,602,385,363.0,342,405,495.0,525.0,830,1217,1480.0,1562.0
17401,15202,US,259547,42.7861111111,-72.4863888889,Census,Town,NH,"Hinsdale, New Hampshire",522,634,740,890,937,1141,1963,1312,1342,1868,2258,1933,1673,1773,1757.0,1762,1950,2187.0,3276.0,3631,3936,4082.0,4046.0
17411,24787,US,291098,42.8805555556,-71.3272222222,Census,town,NH,"Derry, New Hampshire",0,0,0,0,2178,2034,1850,1995,1809,2140,2604,3583,5123,5382,5131.0,5400,5826,6987.0,11712.0,18875,29603,34021.0,33109.0
17555,15930,US,124775,42.8944444444,-71.6741666667,Census,Town,NH,"Mont Vernon, New Hampshire",0,680,762,729,763,720,722,725,601,517,479,453,413,308,302.0,340,405,585.0,906.0,1444,1812,2034.0,2409.0
17668,14368,US,124703,43.8102777778,-72.1561111111,Census,Town,NH,"Lyme, New Hampshire",816,1318,1670,1824,1804,1785,1617,1572,1358,1313,1154,1080,1007,891,830.0,965,924,1026.0,1112.0,1289,1496,1679.0,1716.0
17756,11431,US,124757,42.9505555556,-71.8722222222,Census,Town,NH,"Greenfield, New Hampshire",0,934,980,974,946,834,716,692,527,649,607,605,574,417,394.0,407,430,538.0,1058.0,972,1519,1657.0,1749.0
17784,10388,US,124569,42.9619444444,-72.4422222222,Census,Town,NH,"Westmoreland, New Hampshire",2018,2066,1937,2029,1647,1546,1678,1285,1256,1095,830,875,758,615,745.0,755,789,921.0,998.0,1452,1596,1747.0,1874.0
17796,10214,US,124495,43.96,-71.1936111111,Census,Town,NH,"Albany, New Hampshire",0,0,0,0,0,406,455,430,339,361,377,210,289,170,96.0,131,154,146.0,259.0,383,536,654.0,735.0
17797,3386,US,124590,44.9033333333,-71.1975,Census,Unknown,NH,"Dix's Grant, New Hampshire",0,0,0,0,0,0,0,0,0,0,0,0,33,0,0.0,0,0,0.0,0.0,0,0,0.0,1.0
17922,19916,US,93510,43.87,-71.21,Census,US County,NH,"Carroll County, New Hampshire",0,0,0,0,0,0,20157,20465,17332,18224,18124,16895,16316,15017,14277.0,15589,15868,15829.0,18548.0,27931,35410,43666.0,47818.0
18323,8421,US,124723,43.8927777778,-71.6758333333,Census,Town,NH,"Thornton, New Hampshire",385,535,794,857,1049,1045,1011,967,840,775,632,552,553,477,459.0,501,460,480.0,594.0,952,1505,1843.0,2490.0
18385,16192,US,124482,43.4541666667,-71.2197222222,Census,Town,NH,"Alton, New Hampshire",445,721,1279,2058,1993,2002,1795,2018,1768,1476,1372,1500,1348,1221,1261.0,1209,1189,1241.0,1647.0,2440,3286,4502.0,5250.0
18443,11801,US,259552,42.9047222222,-72.21,Census,Town,NH,"Marlborough, New Hampshire",786,1185,1142,766,822,831,887,915,1017,1286,1695,1524,1478,1380,1508.0,1431,1561,1612.0,1671.0,1846,1927,2009.0,2063.0
18692,9202,US,124506,43.9094444444,-71.0822222222,Census,Town,NH,"Eaton, New Hampshire",253,381,535,1071,1432,1710,1743,780,657,629,514,365,380,237,210.0,196,221,151.0,221.0,256,362,375.0,393.0
18697,13459,US,124796,43.0947222222,-71.7305555556,Census,Town,NH,"Weare, New Hampshire",1924,2517,2634,2781,2430,2375,2435,2310,2092,1829,1550,1553,1325,1173,1287.0,1367,1345,1420.0,1851.0,3232,6193,7776.0,8785.0
18874,8960,US,124835,43.5216666667,-71.7013888889,Census,Town,NH,"Hill, New Hampshire",0,0,0,0,0,0,0,0,620,667,548,603,556,500,468.0,498,310,396.0,450.0,736,814,992.0,1089.0
18911,13722,US,259554,42.7733333333,-72.3830555556,Census,Town,NH,"Winchester, New Hampshire",1209,1413,1478,1849,2051,2065,3296,2225,2097,2444,2584,2274,2282,2267,2183.0,2275,2388,2411.0,2869.0,3465,4038,4144.0,4341.0
19046,10218,US,124940,43.4891666667,-72.1375,Census,Town,NH,"Grantham, New Hampshire",333,713,864,1032,1079,1034,784,648,608,540,424,374,286,495,302.0,367,359,332.0,366.0,704,1247,2167.0,2985.0
19064,11606,US,124909,43.0369444444,-70.9383333333,Census,town,NH,"Newfields, New Hampshire",0,0,0,0,0,0,516,786,808,829,855,647,503,470,376.0,417,469,737.0,843.0,817,888,1551.0,1680.0
19065,8412,US,124634,45.0061111111,-71.5077777778,Census,Town,NH,"Stewartstown, New Hampshire",0,99,186,363,129,630,747,771,909,958,1002,1150,1128,1109,1148.0,1203,970,918.0,1008.0,943,1048,1012.0,1004.0
19294,7546,US,124706,43.6538888889,-71.9713888889,Census,Town,NH,"Orange, New Hampshire",131,203,229,293,405,463,451,382,340,335,245,213,176,166,99.0,109,82,83.0,103.0,197,237,299.0,331.0
19410,10649,US,124731,43.9777777778,-71.6858333333,Census,Town,NH,"Woodstock, New Hampshire",0,0,0,0,0,472,418,476,405,367,341,628,1083,684,756.0,981,894,827.0,897.0,1008,1167,1139.0,1374.0
19413,16908,US,259573,44.3061111111,-71.77,Census,Town,NH,"Littleton, New Hampshire",96,381,873,1096,1435,1778,2008,2292,2446,2936,3365,4066,4069,4239,4558.0,4571,4817,5003.0,5290.0,5558,5827,5845.0,5928.0
19510,9075,US,124633,44.6013888889,-71.4091666667,Census,Town,NH,"Stark, New Hampshire",0,0,0,0,0,349,418,426,464,690,703,733,448,339,329.0,352,373,327.0,343.0,470,518,516.0,556.0
19703,21318,US,124774,42.8663888889,-71.4936111111,Census,Town,NH,"Merrimack, New Hampshire",819,926,1048,1162,1191,1113,1250,1119,1066,1042,951,1234,1039,1022,1084.0,1253,1908,2989.0,8595.0,15406,22156,25119.0,25494.0
19741,8039,US,124664,43.8738888889,-71.7372222222,Census,Town,NH,"Ellsworth, New Hampshire",0,47,142,213,234,300,320,302,193,209,150,107,46,30,28.0,26,24,3.0,13.0,53,74,87.0,83.0
19894,3516,US,124600,44.80055,-71.34348,Census,Township,NH,"Erving's Location, New Hampshire",0,0,0,0,0,0,0,0,0,0,0,0,0,31,0.0,0,0,0.0,0.0,0,0,1.0,0.0
20221,15218,US,124668,44.2272222222,-71.7483333333,Census,Town,NH,"Franconia, New Hampshire",72,129,358,373,443,523,584,708,549,550,594,655,504,440,514.0,568,549,491.0,655.0,743,811,924.0,1104.0
20564,2821,US,124603,44.1283333333,-71.3322222222,Census,Unknown,NH,"Hadley's Purchase, New Hampshire",0,0,0,0,0,0,0,0,0,0,0,0,0,0,0.0,0,0,0.0,0.0,0,0,0.0,0.0
20577,13276,US,124622,45.0511111111,-71.3913888889,Census,Town,NH,"Pittsburg, New Hampshire",0,0,0,0,0,315,425,413,400,581,609,687,624,1311,671.0,820,697,639.0,726.0,780,901,867.0,869.0
20584,9994,US,124576,45.0175,-71.4138888889,Census,Town,NH,"Clarksville, New Hampshire",0,0,0,0,0,88,187,249,269,328,325,307,271,410,215.0,225,171,179.0,166.0,262,232,294.0,265.0
20586,4810,US,1184982,44.5272222222,-71.0797222222,Census,Unknown,NH,"Success, New Hampshire",0,0,0,0,14,0,0,11,5,0,0,220,0,8,0.0,1,0,0.0,2.0,0,0,2.0,0.0
20670,10098,US,124519,43.9038888889,-71.1472222222,Census,Town,NH,"Madison, New Hampshire",0,0,0,0,0,0,0,826,646,586,554,529,507,482,535.0,512,486,429.0,572.0,1051,1704,1984.0,2502.0
20826,22330,US,93499,42.99,-71.09,Census,US County,NH,"Rockingham County, New Hampshire",43184,45427,50175,55246,44325,45771,49194,50122,47297,49064,49650,51118,52188,52498,53750.0,58142,70059,99029.0,138951.0,190345,245845,277359.0,295223.0
21120,5225,US,2280981,44.6597222222,-71.1086111111,Census,Unknown,NH,"Cambridge, New Hampshire",0,0,0,0,0,5,33,49,28,36,31,17,5,1,1.0,0,8,0.0,4.0,5,0,10.0,8.0
21224,16888,US,124656,43.6466666667,-72.0102777778,Census,Town,NH,"Canaan, New Hampshire",483,835,1094,1198,1428,1576,1682,1762,1877,1762,1417,1444,1408,1236,1301.0,1377,1465,1507.0,1923.0,2456,3045,3319.0,3909.0
21285,10934,US,124630,44.4011111111,-71.0747222222,Census,Town,NH,"Shelburne, New Hampshire",31,45,176,205,312,350,480,318,259,252,336,283,305,178,196.0,190,184,226.0,199.0,318,437,379.0,372.0
21391,9573,US,124939,43.3011111111,-72.1477777778,Census,town,NH,"Goshen, New Hampshire",0,383,563,687,772,779,659,576,507,511,384,345,329,283,255.0,352,356,351.0,395.0,549,742,741.0,810.0
21560,10510,US,124902,43.0361111111,-70.8327777778,Census,town,NH,"Greenland, New Hampshire",634,548,592,634,680,726,730,762,695,695,647,607,575,623,577.0,695,719,1196.0,1784.0,2124,2768,3208.0,3549.0
21653,17967,US,1256739,43.1147222222,-71.895,Census,Town,NH,"Hillsborough, New Hampshire",798,1311,1592,1982,1792,1808,1685,1623,1595,1646,2120,2254,2168,2229,2160.0,2269,2179,2310.0,2775.0,3437,4498,4928.0,6011.0
21733,19902,US,259575,43.7575,-71.6886111111,Census,Town,NH,"Plymouth, New Hampshire",625,743,937,983,1175,1282,1290,1407,1409,1719,1852,1972,2200,2353,2470.0,2533,3039,3210.0,4225.0,5094,5811,5892.0,6990.0
21772,9025,US,124921,42.8808333333,-70.9625,Census,Town,NH,"South Hampton, New Hampshire",448,387,427,416,487,462,472,549,448,383,370,297,279,230,261.0,294,314,443.0,558.0,660,740,844.0,814.0
21881,11782,US,124508,43.7611111111,-70.9963888889,Census,Town,NH,"Effingham, New Hampshire",154,451,876,1368,1911,1195,1252,1209,904,865,720,600,558,393,352.0,377,341,329.0,360.0,599,941,1273.0,1465.0
21947,12478,US,124785,42.7480555556,-71.8541666667,Census,Town,NH,"New Ipswich, New Hampshire",1241,1266,1895,1278,1673,1578,1877,1701,1380,1222,969,911,927,869,838.0,940,1147,1455.0,1803.0,2433,4014,4289.0,5099.0
22180,9613,US,124843,43.2855555556,-71.4677777778,Census,Town,NH,"Loudon, New Hampshire",1084,1279,1472,1694,1642,1640,1552,1638,1282,1221,1000,960,838,690,801.0,920,1012,1194.0,1707.0,2454,4114,4481.0,5317.0
22211,15292,US,332121,42.8433333333,-71.735,Census,Town,NH,"Wilton, New Hampshire",1105,1010,1017,1070,1041,1033,1161,1369,1974,1747,1850,1696,1490,1546,1724.0,1855,1952,2025.0,2276.0,2669,3122,3743.0,3677.0
22258,14970,US,124888,43.0777777778,-71.2766666667,Census,town,NH,"Candia, New Hampshire",1040,1186,1290,1273,1362,1430,1482,1575,1456,1340,1108,1057,993,780,812.0,965,1243,1490.0,1997.0,2989,3557,3911.0,3909.0
22339,13680,US,93453,43.36,-72.22,Census,US County,NH,"Sullivan County, New Hampshire",0,0,0,0,19669,20340,19375,19041,18058,18161,17304,18009,19337,20922,24286.0,25442,26441,28067.0,30949.0,36063,38592,40458.0,43742.0
22424,12281,US,124654,43.8647222222,-71.6366666667,Census,Town,NH,"Campton, New Hampshire",395,635,873,1047,1313,1513,1439,1320,1226,1163,982,999,845,1028,1184.0,1130,1149,1058.0,1171.0,1694,2377,2719.0,3333.0
22479,15699,US,404631,42.8352777778,-71.6488888889,Census,Town,NH,"Milford, New Hampshire",0,939,1117,1243,1303,1455,2159,2223,2606,2308,3014,3739,3939,3783,4068.0,3927,4159,4863.0,6622.0,8685,11795,13535.0,15115.0
22548,12930,US,259577,43.0308333333,-71.9388888889,Census,Town,NH,"Antrim, New Hampshire",528,1059,1277,1330,1309,1225,1143,1123,904,817,1248,1366,1235,1052,1254.0,1127,1030,1121.0,2122.0,2208,2360,2449.0,2637.0
22697,9501,US,124859,43.3786111111,-71.7175,Census,Town,NH,"Salisbury, New Hampshire",1372,1767,1913,2016,1379,1332,1228,1191,897,795,655,604,478,390,350.0,368,423,415.0,589.0,781,1061,1137.0,1382.0
22733,10978,US,124848,43.3213888889,-72.0358333333,Census,Town,NH,"Newbury, New Hampshire",0,0,0,0,0,816,738,698,601,590,487,424,402,362,333.0,506,320,342.0,509.0,961,1347,1702.0,2072.0
22813,10004,US,124657,43.7566666667,-71.9486111111,Census,Town,NH,"Dorchester, New Hampshire",175,349,537,584,702,769,711,691,689,585,370,308,241,228,115.0,144,133,91.0,141.0,244,392,353.0,355.0
22875,11603,US,124927,43.1691666667,-70.9244444444,Census,Town,NH,"Madbury, New Hampshire",592,544,582,559,510,489,483,496,408,397,367,336,331,326,358.0,401,489,556.0,704.0,987,1404,1509.0,1771.0
23055,10792,US,124946,43.2938888889,-72.2602777778,Census,town,NH,"Unity, New Hampshire",538,902,1044,1277,1258,1218,961,887,844,814,653,572,504,522,501.0,669,653,708.0,709.0,1092,1341,1530.0,1671.0
23182,3125,US,124583,44.2666666667,-71.3994444444,Census,Unknown,NH,"Crawford's Purchase, New Hampshire",0,0,0,0,0,0,0,0,0,28,28,10,0,0,0.0,0,0,0.0,0.0,0,0,0.0,0.0
23226,12189,US,124725,43.9247222222,-71.8916666667,Census,Town,NH,"Warren, New Hampshire",206,336,506,544,702,938,872,1152,960,786,875,799,701,600,651.0,709,581,548.0,539.0,650,820,873.0,904.0
23371,10206,US,124928,43.4780555556,-71.0713888889,Census,Town,NH,"Middleton, New Hampshire",617,431,439,482,562,483,476,530,476,355,207,300,291,174,176.0,236,255,349.0,430.0,734,1183,1440.0,1783.0
23908,61867,US,124770,42.9908333333,-71.4636111111,Census,City,NH,"Manchester, New Hampshire",362,557,615,761,877,3235,13932,20107,23536,32630,44126,56987,70063,78384,76834.0,77685,82732,88282.0,87754.0,90936,99332,107006.0,109565.0
23916,18073,US,93511,43.52,-71.42,Census,US County,NH,"Belknap County, New Hampshire",0,0,0,0,0,0,17721,18549,17681,17948,20321,19526,21309,21178,22623.0,24328,26632,28912.0,32367.0,42884,49216,56325.0,60088.0
24330,29497,US,203838,42.9813888889,-70.9477777778,Census,town,NH,"Exeter, New Hampshire",1722,1727,1759,2114,2759,2925,3329,3309,3347,3569,4284,4922,4897,4604,4872.0,5398,5664,7243.0,8892.0,11024,12481,14058.0,14306.0
24423,16734,US,124869,43.2802777778,-71.8158333333,Census,Town,NH,"Warner, New Hampshire",863,1569,1838,2246,2222,2159,2038,1970,1667,1537,1383,1358,1226,1051,1062.0,1113,1080,1004.0,1441.0,1963,2250,2760.0,2833.0
24582,32136,US,6503,43.2066666667,-71.5380555556,Census,[[City|State Capital}},NH,"Concord, New Hampshire",1747,2052,2393,2838,3720,4897,8576,10896,12241,13843,17004,19632,21497,22167,25228.0,27171,27988,28991.0,30022.0,30400,36006,40687.0,42695.0
24604,18029,US,259545,43.5841666667,-71.2127777778,Census,Town,NH,"Wolfeboro, New Hampshire",447,941,1376,1794,1929,1918,2038,2300,1995,2222,3020,2390,2224,2178,2358.0,2636,2581,2689.0,3036.0,3968,4807,6083.0,6269.0
24801,13311,US,124718,44.2152777778,-71.7994444444,Census,Town,NH,"Sugar Hill, New Hampshire",0,0,0,0,0,0,0,0,0,0,0,0,0,0,0.0,0,0,0.0,336.0,397,464,563.0,563.0
24835,32793,US,93505,43.93,-71.84,Census,US County,NH,"Grafton County, New Hampshire",13468,23093,28462,32989,38682,42311,42343,42260,39103,38788,37217,40844,41652,40572,42816.0,44645,47923,48857.0,54914.0,65806,74929,81743.0,89118.0
24946,3227,US,259556,44.2944444444,-71.1386111111,Census,Unknown,NH,"Bean's Purchase, New Hampshire",0,0,0,0,0,0,0,0,0,0,0,0,0,0,25.0,0,0,0.0,0.0,0,0,4.0,0.0
25031,12261,US,124935,43.2177777778,-72.2919444444,Census,Town,NH,"Acworth, New Hampshire",704,1376,1523,1479,1401,1450,1251,1180,1050,982,717,594,536,436,471.0,477,418,371.0,459.0,590,776,836.0,891.0
25052,17485,US,124908,43.0722222222,-70.7161111111,Census,town,NH,"New Castle, New Hampshire",534,524,592,932,850,742,891,692,667,610,488,581,624,728,378.0,542,583,823.0,975.0,936,840,1010.0,968.0
25062,10893,US,124552,42.7547222222,-72.2716666667,Census,Town,NH,"Richmond, New Hampshire",1380,1390,1290,1391,1301,1165,1128,1015,868,669,476,459,393,306,241.0,296,259,295.0,287.0,518,877,1077.0,1155.0
25319,23675,US,13937,43.7022222222,-72.2894444444,Census,Town,NH,"Hanover, New Hampshire",1380,1912,2135,2222,2361,2613,2350,2308,2085,2147,1817,1884,2075,2264,3043.0,3425,6259,7329.0,8494.0,9119,9212,10850.0,11260.0
25392,13146,US,259562,44.3733333333,-71.6122222222,Census,Town,NH,"Whitefield, New Hampshire",0,0,51,281,685,751,857,1015,1196,1828,2041,2157,1635,1935,1693.0,1834,1677,1581.0,1538.0,1681,1909,2038.0,2306.0
25477,12887,US,141317,43.8688888889,-71.91,Census,Town,NH,"Wentworth, New Hampshire",241,488,645,807,924,1119,1197,1055,971,939,698,617,595,507,459.0,491,413,300.0,376.0,527,630,798.0,911.0
25660,29541,US,93507,44.69,-71.3,Census,US County,NH,"Cos County, New Hampshire",0,0,3991,5549,8388,9849,11853,13161,14932,18580,23211,29468,30753,36093,38959.0,39274,35932,37140.0,34291.0,35147,34828,33111.0,33055.0
25680,10398,US,124642,43.6113888889,-71.7927777778,Census,Town,NH,"Alexandria, New Hampshire",298,303,409,707,1083,1284,1273,1253,876,828,679,630,571,502,412.0,396,402,370.0,466.0,706,1190,1329.0,1613.0
25819,8006,US,124944,43.4952777778,-72.0341666667,Census,town,NH,"Springfield, New Hampshire",210,570,614,967,1202,1252,1270,1021,781,732,540,439,422,349,270.0,364,324,283.0,310.0,532,788,945.0,1311.0
25910,11971,US,124496,44.0777777778,-71.2827777778,Census,Town,NH,"Bartlett, New Hampshire",0,0,0,0,0,0,761,735,629,1044,1247,1013,1197,1059,1119.0,1154,1074,1013.0,1098.0,1566,2290,2705.0,2788.0
25967,13093,US,124809,43.315,-71.6208333333,Census,Town,NH,"Boscawen, New Hampshire",1108,1414,1829,2113,2093,1965,2063,2274,1637,1381,1487,1455,1240,1260,1359.0,1663,1857,2181.0,3162.0,3435,3586,3672.0,3965.0
25969,39269,US,124779,42.7575,-71.4644444444,Census,City,NH,"Nashua, New Hampshire",632,862,1049,1142,2417,6054,5820,10065,10543,13397,19311,23898,26005,28379,31463.0,32927,34669,39096.0,55820.0,67865,79662,86605.0,86494.0
25978,14809,US,124710,43.905,-72.1375,Census,Town,NH,"Orford, New Hampshire",540,988,1265,1568,1829,1707,1406,1255,1119,1050,916,890,799,661,636.0,701,726,667.0,793.0,928,1008,1091.0,1237.0
26225,14644,US,124573,44.2983333333,-71.5405555556,Census,Town,NH,"Carroll, New Hampshire",0,0,0,0,108,218,296,276,378,632,813,710,569,388,402.0,496,359,295.0,310.0,647,528,663.0,763.0
26481,16199,US,124554,42.7497222222,-72.0102777778,Census,Town,NH,"Rindge, New Hampshire",1143,1196,1226,1298,1269,1161,1274,1231,1107,934,996,855,706,643,610.0,629,707,941.0,2175.0,3375,4941,5451.0,6014.0
26487,16710,US,259592,43.1797222222,-71.8222222222,Census,Town,NH,"Henniker, New Hampshire",1127,1476,1608,1900,1725,1715,1688,1500,1288,1326,1385,1507,1395,1344,1266.0,1336,1675,1636.0,2348.0,3246,4151,4433.0,4836.0
26992,11312,US,124558,43.0130555556,-72.2208333333,Census,Town,NH,"Sullivan, New Hampshire",220,488,516,582,555,496,468,376,347,382,337,287,266,206,192.0,255,272,261.0,376.0,585,706,746.0,677.0
27022,10499,US,124501,44.1636111111,-71.0111111111,Census,Town,NH,"Chatham, New Hampshire",58,183,201,298,419,523,516,489,445,421,329,267,209,229,168.0,184,177,150.0,134.0,189,268,260.0,337.0
27199,8208,US,124698,44.2544444444,-71.95,Census,Town,NH,"Lyman, New Hampshire",202,534,948,1270,1321,1496,1442,743,658,654,543,426,374,310,299.0,363,241,201.0,213.0,281,388,487.0,533.0
27291,12838,US,124484,43.3405555556,-71.2608333333,Census,Town,NH,"Barnstead, New Hampshire",807,1161,1477,1805,2047,1945,1848,1885,1543,1296,1264,1072,1081,873,791.0,804,846,850.0,1119.0,2292,3100,3886.0,4593.0
27404,10139,US,124581,44.8777777778,-71.5141666667,Census,Town,NH,"Columbia, New Hampshire",26,109,142,249,442,620,762,798,752,762,605,690,619,601,524.0,483,495,457.0,467.0,673,661,750.0,757.0
27432,14980,US,124557,43.0786111111,-72.1144444444,Census,Town,NH,"Stoddard, New Hampshire",701,1148,1132,1203,1159,1006,1105,944,667,553,400,367,257,213,113.0,218,200,146.0,242.0,482,622,928.0,1232.0
27447,10738,US,124685,44.175,-71.8869444444,Census,Town,NH,"Landaff, New Hampshire",292,461,650,769,951,957,948,1012,882,506,499,500,526,510,469.0,389,342,289.0,292.0,266,350,378.0,415.0
27620,17039,US,259567,43.6416666667,-72.1452777778,Census,Town,NH,"Enfield, New Hampshire",724,1121,1291,1370,1492,1514,1742,1876,1662,1680,1439,1845,1448,1577,1325.0,1693,1612,1867.0,2345.0,3175,3979,4618.0,4582.0
