"Place","County","State",2014,2010,2000,1990,1980,1970,1960,1950,1940,1930,1920,1910,1900,1890,1880,1870,1860,1850
"Adelanto","San Bernardino County","California",32728,31765,18130,8517,2164,2115,0,0,0,0,0,0,0,0,0,0,0,0
"Agoura Hills","Los Angeles County","California",20843,20330,20537,20390,0,0,0,0,0,0,0,0,0,0,0,0,0,0
"Alameda","Alameda County","California",77660,73812,72259,76459,63852,70968,63855,64430,36256,35033,28806,23383,16464,11165,5708,1557,460,0
"Albany","Alameda County","California",19488,18539,16444,16327,15130,15561,14804,17590,11493,8569,2462,808,0,0,0,0,0,0
"Alhambra","Los Angeles County","California",85569,83089,85804,82106,64767,62125,54807,51359,38935,29472,9096,5021,0,0,0,0,0,0
"Aliso Viejo","Orange County","California",50231,47823,40166,7612,0,0,0,0,0,0,0,0,0,0,0,0,0,0
"Alturas","Modoc County","California",2618,2827,2892,3231,3025,2799,2819,2819,2090,2338,979,916,0,0,148,0,0,0
"Amador City","Amador County","California",186,185,196,196,136,156,202,151,249,171,377,0,0,0,824,0,0,0
"American Canyon","Napa County","California",20470,19454,9774,7706,5712,0,0,0,0,0,0,0,0,0,0,0,0,0
"Anaheim","Orange County","California",346997,336265,328014,266406,219494,166408,104184,14556,11031,10995,5526,2628,1456,1273,833,881,0,0
"Anderson","Shasta County","California",10209,9932,9022,8299,7381,5492,4492,0,0,0,0,0,0,0,0,0,0,0
"Angels","Calaveras County","California",3756,3836,3004,2409,2302,1710,1121,1147,1163,915,941,0,0,0,330,0,0,0
"Antioch","Contra Costa County","California",108930,102372,90532,62195,42683,28060,17305,11051,5106,3563,1936,1124,674,635,626,0,0,0
"Apple Valley","San Bernardino County","California",71595,69135,54239,46079,0,0,0,0,0,0,0,0,0,0,0,0,0,0
"Arcadia","Los Angeles County","California",58232,56364,53054,48290,45993,45138,41005,23066,9122,5216,2239,696,0,0,0,0,0,0
"Arcata","Humboldt County","California",17730,17231,16651,15197,12849,8985,5235,3729,1855,1709,1486,1121,952,962,0,0,0,0
"Arroyo Grande","San Luis Obispo County","California",17908,17252,15851,14378,11290,7454,3291,1723,1090,892,760,0,0,0,0,0,0,0
"Artesia","Los Angeles County","California",16895,16522,16380,15464,14301,14757,9993,0,0,0,0,0,0,0,0,0,0,0
"Arvin","Kern County","California",20583,19304,12956,9286,6863,5199,5310,5007,0,0,0,0,0,0,0,0,0,0
"Atascadero","San Luis Obispo County","California",29134,28310,26411,23138,16232,10293,5983,3443,0,0,0,0,0,0,0,0,0,0
"Atherton","San Mateo County","California",7147,6914,7194,7163,7797,8085,7717,3630,1908,1324,0,0,0,0,0,0,0,0
"Atwater","Merced County","California",29022,28168,23113,22282,17530,11640,7318,2856,1235,917,0,0,0,0,0,0,0,0
"Auburn","Placer County","California",13960,13330,12462,10592,7540,6570,5586,4653,5013,2661,2289,2376,2050,1595,1229,0,0,0
"Avalon","Los Angeles County","California",3802,3728,3127,2918,2022,1520,1536,1506,1637,1897,586,0,0,0,0,0,0,0
"Avenal","Kings County","California",13308,15505,14674,9770,4137,3035,3147,0,0,0,0,0,0,0,0,0,0,0
"Azusa","Los Angeles County","California",48799,46361,44712,41333,29380,25217,20497,11042,5209,4808,2460,1477,863,0,0,0,0,0
"Bakersfield","Kern County","California",368759,347483,247057,174820,105611,69515,56848,34784,29252,26015,18638,12727,4836,2626,801,0,0,0
"Baldwin Park","Los Angeles County","California",77119,75390,75837,69330,50554,47285,33951,0,0,0,0,0,0,0,0,0,0,0
"Banning","Riverside County","California",30769,29603,23562,20570,14020,12034,10250,7034,3874,2752,0,0,0,0,0,0,0,0
"Barstow","San Bernardino County","California",23498,22639,21119,21472,17690,17442,11644,6135,0,0,0,0,0,0,0,0,0,0
"Beaumont","Riverside County","California",42277,36877,11384,9685,6818,5484,4288,3152,2208,1332,857,0,0,0,0,0,0,0
"Bell","Los Angeles County","California",36217,35477,36664,34365,25450,21836,19450,15430,11264,7884,0,0,0,0,0,0,0,0
"Bell Gardens","Los Angeles County","California",43146,42072,44054,42355,34117,29308,26467,0,0,0,0,0,0,0,0,0,0,0
"Bellflower","Los Angeles County","California",78236,76616,72878,61815,53441,52334,45909,0,0,0,0,0,0,0,0,0,0,0
"Belmont","San Mateo County","California",27073,25835,25123,24127,24505,23538,15996,5567,1229,984,0,0,0,0,0,0,0,0
"Belvedere","Marin County","California",2129,2068,2125,2147,2401,2599,2148,800,457,500,616,481,434,0,0,0,0,0
"Benicia","Solano County","California",27930,26997,26865,24437,15376,7349,6070,7284,2419,2913,2693,2360,2751,2361,1794,0,0,0
"Berkeley","Alameda County","California",118853,112580,102743,102724,103328,114091,111268,113805,85547,82109,56036,40434,13214,5101,0,0,0,0
"Beverly Hills","Los Angeles County","California",34871,34109,33784,31971,32646,33416,30817,29032,26823,17429,674,0,0,0,0,0,0,0
"Big Bear Lake","San Bernardino County","California",5173,5019,5438,5351,0,0,0,0,0,0,0,0,0,0,0,0,0,0
"Biggs","Butte County","California",1711,1707,1793,1581,1413,1115,831,784,547,463,683,403,0,0,0,0,0,0
"Bishop","Inyo County","California",3841,3879,3575,3475,3333,3498,2875,2891,1490,1159,1304,1199,0,0,0,0,0,0
"Blue Lake","Humboldt County","California",1243,1253,1135,1235,1201,1112,1234,824,503,555,441,507,0,0,0,0,0,0
"Blythe","Riverside County","California",19258,20817,12155,8428,6805,7047,6023,4089,2355,1020,1622,0,0,0,0,0,0,0
"Bradbury","Los Angeles County","California",1087,1048,855,829,846,838,618,0,0,0,0,0,0,0,0,0,0,0
"Brawley","Imperial County","California",25820,24953,22052,18923,14946,13746,12703,11922,11718,10439,5389,881,0,0,0,0,0,0
"Brea","Orange County","California",41508,39282,35410,32873,27913,18447,8487,3208,2567,2435,1037,0,0,0,0,0,0,0
"Brentwood","Contra Costa County","California",57019,51481,23302,7563,4434,2649,2186,1729,0,0,0,0,0,0,0,0,0,0
"Brisbane","San Mateo County","California",4612,4282,3597,2952,2969,3003,0,0,0,0,0,0,0,0,0,0,0,0
"Buellton","Santa Barbara County","California",5044,4828,3828,3506,2364,1402,0,0,0,0,0,0,0,0,0,0,0,0
"Buena Park","Orange County","California",83105,80530,78282,68784,64165,63646,46401,0,0,0,0,0,0,0,0,0,0,0
"Burbank","Los Angeles County","California",105368,103340,100316,93643,84625,88871,90155,78577,34337,16662,2913,0,0,0,0,0,0,0
"Burlingame","San Mateo County","California",30298,28806,28158,26801,26173,27320,24036,19886,15940,13270,4107,1565,0,0,0,0,0,0
"Calabasas","Los Angeles County","California",24296,23058,20033,0,0,0,0,0,0,0,0,0,0,0,0,0,0,0
"Calexico","Imperial County","California",39799,38572,27109,18633,14412,10625,7992,6433,5415,6299,6223,797,0,0,0,0,0,0
"California City","Kern County","California",13263,14120,8385,5955,2743,1309,0,0,0,0,0,0,0,0,0,0,0,0
"Calimesa","Riverside County","California",8423,7879,7139,4647,0,0,0,0,0,0,0,0,0,0,0,0,0,0
"Calipatria","Imperial County","California",7519,7705,7289,2690,2636,1824,2548,1428,1799,1554,785,0,0,0,0,0,0,0
"Calistoga","Napa County","California",5303,5155,5190,4468,3879,1882,1514,1418,1124,1000,850,751,690,0,407,0,0,0
"Camarillo","Ventura County","California",66923,65201,57077,52303,37797,19219,2359,0,0,0,0,0,0,0,0,0,0,0
"Campbell","Santa Clara County","California",41119,39349,38138,36048,26843,23797,11863,0,0,0,0,0,0,0,0,0,0,0
"Canyon Lake","Riverside County","California",11010,10561,9952,7938,2039,0,0,0,0,0,0,0,0,0,0,0,0,0
"Capitola","Santa Cruz County","California",10146,9918,10033,10171,9095,5080,2021,1848,0,0,0,0,0,0,0,0,0,0
"Carlsbad","San Diego County","California",112299,105328,78247,63126,35490,14944,9253,0,0,0,0,0,0,0,0,0,0,0
"Carmel-by-the-Sea","Monterey County","California",3876,3722,4081,4239,4707,4525,4580,4351,2837,2260,638,0,0,0,0,0,0,0
"Carpinteria","Santa Barbara County","California",13671,13040,14194,13747,10835,6982,4998,2864,0,0,0,0,0,0,0,0,0,0
"Carson","Los Angeles County","California",93271,91714,89730,83995,81221,71150,38059,0,0,0,0,0,0,0,0,0,0,0
"Cathedral City","Riverside County","California",53437,51200,42647,30085,4130,3640,1855,0,0,0,0,0,0,0,0,0,0,0
"Ceres","Stanislaus County","California",47343,45417,34609,26314,13281,6029,4406,2351,1332,981,637,0,0,0,0,0,0,0
"Cerritos","Los Angeles County","California",50004,49041,51488,53240,53020,15856,0,0,0,0,0,0,0,0,0,0,0,0
"Chico","Butte County","California",89180,86187,59954,40079,26716,19580,14757,12272,9287,7961,9339,3750,2640,2894,3300,0,0,0
"Chino","San Bernardino County","California",84723,77983,67168,59682,40165,20411,10305,5784,4204,3118,0,0,0,0,0,0,0,0
"Chino Hills","San Bernardino County","California",77005,74799,66787,27608,0,0,0,0,0,0,0,0,0,0,0,0,0,0
"Chowchilla","Madera County","California",18909,18720,11127,5930,5122,4349,4525,3893,1957,847,0,0,0,0,0,0,0,0
"Chula Vista","San Diego County","California",260988,243916,173556,135163,83927,67901,42034,15927,5138,3869,1718,0,0,0,0,0,0,0
"Citrus Heights","Sacramento County","California",86145,83301,85071,107439,85911,21760,0,0,0,0,0,0,0,0,0,0,0,0
"Claremont","Los Angeles County","California",36054,34926,33998,32503,31028,24776,12633,6327,3057,2719,0,0,0,0,0,0,0,0
"Clayton","Contra Costa County","California",11690,10897,10762,7317,4325,1385,0,0,0,0,0,0,0,0,0,0,0,0
"Clearlake","Lake County","California",15089,15250,13142,11804,0,0,0,0,0,0,0,0,0,0,0,0,0,0
"Cloverdale","Sonoma County","California",8796,8618,6831,4924,3989,3251,2848,1292,809,759,718,823,750,763,430,0,0,0
"Clovis","Fresno County","California",102189,95631,68468,50323,33021,13856,5546,2766,1626,1316,1157,0,0,0,0,0,0,0
"Coachella","Riverside County","California",44132,40704,22724,16896,9129,8353,4854,2755,0,0,0,0,0,0,0,0,0,0
"Coalinga","Fresno County","California",16452,13380,11668,8212,6593,6161,5965,5539,5026,2851,2934,4199,0,0,0,0,0,0
"Colfax","Placer County","California",2013,1963,1496,1306,981,798,915,820,794,912,573,621,0,0,591,0,0,0
"Colma","San Mateo County","California",1514,1792,1191,1103,395,537,500,297,354,0,0,0,0,0,0,0,0,0
"Colton","San Bernardino County","California",54053,52154,47662,40213,21310,20016,18666,14465,9686,8014,4282,3980,1285,1315,0,0,0,0
"Colusa","Colusa County","California",5946,5971,5402,4934,4075,3842,3518,3031,2285,2116,1846,1582,1441,1336,1779,1051,0,0
"Commerce","Los Angeles County","California",13076,12823,12568,12135,10509,10635,9555,0,0,0,0,0,0,0,0,0,0,0
"Compton","Los Angeles County","California",98597,96455,93493,90454,81350,78547,71812,47991,16198,12516,1478,922,0,0,0,0,0,0
"Concord","Contra Costa County","California",127522,122067,121780,111348,103763,85164,36208,6953,1373,1125,912,703,0,0,390,0,0,0
"Corcoran","Kings County","California",22815,24813,14458,13364,6454,5249,4976,3150,2092,1768,1101,0,0,0,0,0,0,0
"Corning","Tehama County","California",7558,7663,6741,5870,4745,3573,3006,2537,1472,1377,1449,972,0,0,0,0,0,0
"Corona","Riverside County","California",161486,152374,124966,76095,37791,27519,13336,10223,8764,7018,4129,3540,1434,0,0,0,0,0
"Coronado","San Diego County","California",24910,18912,24100,26540,18790,20020,18039,12700,6932,5425,3289,1477,935,0,0,0,0,0
"Corte Madera","Marin County","California",9916,9253,9100,8272,8074,8464,5962,1933,1098,1027,607,0,0,0,0,0,0,0
"Costa Mesa","Orange County","California",112784,109960,108724,96357,82562,72660,37550,0,0,0,0,0,0,0,0,0,0,0
"Cotati","Sonoma County","California",7429,7265,6471,5714,3346,1368,1852,0,0,0,0,0,0,0,0,0,0,0
"Covina","Los Angeles County","California",49002,47796,46837,43207,32746,30395,20124,3956,3049,2774,0,0,0,0,0,0,0,0
"Crescent City","Del Norte County","California",6786,7643,4006,4380,3075,2586,2958,1706,1363,1720,955,1114,699,907,0,0,0,0
"Cudahy","Los Angeles County","California",24291,23805,24208,22817,18275,16998,0,0,0,0,0,0,0,0,0,0,0,0
"Culver City","Los Angeles County","California",39691,38883,38816,38793,38139,34451,32163,19720,8976,5669,503,0,0,0,0,0,0,0
"Cupertino","Santa Clara County","California",60668,58302,50546,40263,34297,17895,3664,0,0,0,0,0,0,0,0,0,0,0
"Cypress","Orange County","California",49240,47802,46229,42655,40738,31569,1753,0,0,0,0,0,0,0,0,0,0,0
"Daly City","San Mateo County","California",106094,101123,103621,92311,78519,66922,44791,15191,9625,7838,3779,0,0,0,0,0,0,0
"Dana Point","Orange County","California",34116,33351,35110,31896,10602,4745,1186,0,0,0,0,0,0,0,0,0,0,0
"Danville","Contra Costa County","California",43909,42039,41715,31306,26446,0,0,0,0,0,0,0,0,0,0,0,0,0
"Davis","Yolo County","California",66742,65622,60308,46209,36640,23488,8910,3554,1672,1243,939,0,0,0,0,0,0,0
"Del Mar","Kern County","California",4311,4161,4389,4860,5017,3956,3124,0,0,0,0,0,0,0,0,0,0,0
"Del Rey Oaks","San Diego County","California",1682,1624,1650,1661,1557,1823,1831,0,0,0,0,0,0,0,0,0,0,0
"Delano","Monterey County","California",52651,53041,38824,22762,16491,14559,11913,8717,4573,2632,805,0,0,0,0,0,0,0
"Desert Hot Springs","Riverside County","California",28164,25938,16582,11668,5941,2738,1472,0,0,0,0,0,0,0,0,0,0,0
"Diamond Bar","Los Angeles County","California",56784,55544,56287,53672,28045,10576,0,0,0,0,0,0,0,0,0,0,0,0
"Dinuba","Tulare County","California",23667,21453,16844,12743,9907,7917,6103,4971,3790,2968,3400,970,0,0,0,0,0,0
"Dixon","Solano County","California",19164,18351,16103,10401,7541,4432,2970,1714,1108,1000,926,827,788,1082,0,0,0,0
"Dorris","Siskiyou County","California",903,939,886,892,836,840,973,892,863,762,424,214,0,0,0,0,0,0
"Dos Palos","Merced County","California",5082,4950,4581,4196,3121,2496,2028,1394,978,0,0,0,0,0,0,0,0,0
"Downey","Los Angeles County","California",114172,111772,107323,91444,82602,88573,82505,0,0,0,0,0,0,0,0,0,0,0
"Duarte","Los Angeles County","California",22006,21321,21486,20688,16766,14981,13962,0,0,0,0,0,0,0,0,0,0,0
"Dublin","Alameda County","California",54695,46036,29973,23229,13496,13641,0,0,0,0,0,0,0,0,0,0,0,0
"Dunsmuir","Siskiyou County","California",1574,1650,1923,2129,2253,2214,2873,2256,2359,2610,2528,1719,0,0,0,0,0,0
"East Palo Alto","San Mateo County","California",29530,28155,29506,23451,18191,18727,0,0,0,0,0,0,0,0,0,0,0,0
"Eastvale","Riverside County","California",57016,0,0,0,0,0,0,0,0,0,0,0,0,0,0,0,0,0
"El Cajon","San Diego County","California",103091,99478,94869,88693,73892,52273,37618,5600,1471,1050,469,0,0,0,0,0,0,0
"El Centro","Imperial County","California",43763,42598,37835,31384,23996,19272,16811,12590,10017,8434,5464,1610,0,0,0,0,0,0
"El Cerrito","Contra Costa County","California",24599,23549,23171,22869,22731,25190,25437,18011,6137,3870,1505,0,0,0,0,0,0,0
"El Monte","Sacramento County","California",116631,113475,115965,106209,79494,69892,13163,8101,4746,3479,1283,0,0,0,0,0,0,0
"El Paso de Robles (Paso Robles)","Los Angeles County","California",31287,29793,24297,18583,9163,7168,6677,4835,3045,0,0,0,0,0,0,0,0,0
"El Segundo","San Luis Obispo County","California",17063,16654,16033,15223,13752,15620,14219,8011,3738,3503,1563,0,0,0,0,0,0,0
"Elk Grove","Los Angeles County","California",163553,153015,59984,17483,10959,3721,2205,0,0,0,0,0,0,0,0,0,0,0
"Emeryville","Alameda County","California",11227,10080,6882,5740,3714,2681,2686,2889,2521,2336,2390,2613,1016,228,0,0,0,0
"Encinitas","San Diego County","California",62254,59518,58014,55386,10796,5375,2786,0,0,0,0,0,0,0,0,0,0,0
"Escalon","San Joaquin County","California",7388,7132,5963,4437,3127,2366,1763,0,0,0,0,0,0,0,0,0,0,0
"Escondido","San Diego County","California",150243,143911,133559,108635,64355,36792,16377,6544,4560,3421,0,0,0,0,0,0,0,0
"Etna","Siskiyou County","California",711,737,781,835,754,667,596,649,456,379,425,518,500,271,361,0,0,0
"Eureka","Humboldt County","California",26925,27191,26128,27025,24153,24337,28137,23058,17055,15752,12923,11845,7327,4858,2639,0,0,0
"Exeter","Tulare County","California",10558,10334,9168,7276,5606,4475,4264,4078,3883,2685,1852,0,0,0,0,0,0,0
"Fairfax","Marin County","California",7638,7441,7319,6931,7391,7661,5813,4078,2198,0,0,0,0,0,0,0,0,0
"Fairfield","Solano County","California",111125,105321,96178,77211,58099,44146,14968,3118,1312,1131,1008,834,0,0,424,0,0,0
"Farmersville","Tulare County","California",10786,10588,8737,6235,5544,3456,3101,0,0,0,0,0,0,0,0,0,0,0
"Ferndale","Humboldt County","California",1364,1371,1382,1331,1367,1352,1371,1032,901,889,919,905,846,763,178,0,0,0
"Fillmore","Ventura County","California",15420,15002,13643,11992,9602,6285,4808,3884,3252,2893,1597,0,0,0,0,0,0,0
"Firebaugh","Fresno County","California",8300,7549,5743,4429,3740,2517,2070,821,704,506,0,0,0,0,0,0,0,0
"Folsom","Sacramento County","California",75361,72203,51884,29802,11003,5810,3925,1690,0,0,0,0,0,0,0,0,0,0
"Fontana","San Bernardino County","California",204950,196069,128929,87535,36804,20673,14659,0,0,0,0,0,0,0,0,0,0,0
"Fort Bragg","Mendocino County","California",7302,7273,7026,6078,5019,4455,4433,3826,3235,3022,2616,2408,1590,945,0,0,0,0
"Fort Jones","Siskiyou County","California",686,839,660,639,544,515,483,525,360,302,331,316,356,266,0,0,0,0
"Fortuna","Humboldt County","California",11888,11926,10497,8788,7591,4203,3523,1762,1413,1239,986,383,0,0,0,0,0,0
"Foster City","San Mateo County","California",32754,30567,28803,28176,23287,9327,0,0,0,0,0,0,0,0,0,0,0,0
"Fountain Valley","Orange County","California",57010,55313,54978,53691,55080,31886,2068,0,0,0,0,0,0,0,0,0,0,0
"Fowler","Fresno County","California",6042,5570,3979,3208,2496,2239,1892,1857,1531,1171,1528,675,0,0,0,0,0,0
"Fremont","Alameda County","California",228758,214089,203413,173339,131945,100869,43790,0,0,0,0,0,0,0,0,0,0,0
"Fresno","Fresno County","California",515986,494665,427652,354202,217491,165655,133929,91669,60685,52513,45086,24892,12470,10818,1112,0,0,0
"Fullerton","Orange County","California",139677,135161,126003,114144,102246,85987,56180,13958,10442,10860,4415,1725,0,0,0,0,0,0
"Galt","Sacramento County","California",24817,23647,19472,8889,5514,3200,1868,1333,0,0,0,0,0,0,0,0,0,0
"Garden Grove","Los Angeles County","California",175078,170883,165196,143050,123307,121155,84238,0,0,0,0,0,0,0,0,0,0,0
"Gardena","Orange County","California",60395,58829,57746,49847,45165,41021,35943,14405,5909,0,0,0,0,0,0,0,0,0
"Gilroy","Santa Clara County","California",52533,48821,41464,31487,21641,12684,7348,4951,3615,3502,2862,2437,1820,1694,1621,1625,0,0
"Glendale","Los Angeles County","California",200167,191719,194973,180038,139060,132664,119442,95702,82582,62736,13536,2746,0,0,0,0,0,0
"Glendora","Los Angeles County","California",51442,50073,49415,47828,38500,31380,20752,3988,2822,2761,0,0,0,0,0,0,0,0
"Goleta","Santa Barbara County","California",30797,29888,55204,0,0,0,0,0,0,0,0,0,0,0,0,0,0,0
"Gonzales","Monterey County","California",8440,8187,7525,4660,2891,2575,2138,1821,0,0,0,0,0,0,0,0,0,0
"Grand Terrace","San Bernardino County","California",12414,12040,11626,10946,8498,5901,0,0,0,0,0,0,0,0,0,0,0,0
"Grass Valley","Nevada County","California",12878,12860,10922,9048,6697,5149,4876,5283,5701,3817,4006,4520,4719,0,0,0,0,0
"Greenfield","Monterey County","California",16929,16330,12583,7464,4181,2608,1680,1309,0,0,0,0,0,0,0,0,0,0
"Gridley","Butte County","California",6578,6584,5382,4631,3982,3534,3343,3054,2338,1941,1636,987,0,0,352,0,0,0
"Grover Beach","San Luis Obispo County","California",13505,13156,13067,11656,8827,5939,5210,0,0,0,0,0,0,0,0,0,0,0
"Guadalupe","Santa Barbara County","California",7271,7080,5659,5479,3629,3145,2614,2429,0,0,0,0,0,0,174,0,0,0
"Gustine","Merced County","California",5687,5520,4698,3931,3142,2793,2300,1984,1355,1016,716,0,0,0,0,0,0,0
"Half Moon Bay","San Mateo County","California",12371,11324,11842,8886,7282,4023,1957,0,0,0,0,0,0,0,0,0,0,0
"Hanford","Kings County","California",55065,53967,41686,30897,20958,15179,10133,10028,8234,7028,5888,4829,2929,942,269,0,0,0
"Hawaiian Gardens","Los Angeles County","California",14557,14254,14779,13639,10548,9052,0,0,0,0,0,0,0,0,0,0,0,0
"Hawthorne","Los Angeles County","California",87583,84293,84112,71349,56437,53304,33035,16316,8263,6596,0,0,0,0,0,0,0,0
"Hayward","Alameda County","California",154612,144186,140030,111498,93585,93058,72700,14272,6736,5530,3487,2746,1965,1419,1231,504,0,0
"Healdsburg","Sonoma County","California",11656,11254,10722,9469,7217,5438,4816,3258,2507,2296,2412,2011,1869,1485,1133,959,0,0
"Hemet","Riverside County","California",83032,78657,58812,36094,22531,12252,5416,3386,2595,2235,1480,992,0,0,0,0,0,0
"Hercules","Contra Costa County","California",25086,24060,19488,16829,5963,252,310,343,343,392,373,279,0,0,0,0,0,0
"Hermosa Beach","Los Angeles County","California",19891,19506,18566,18219,18070,17412,16115,11826,7197,4796,2327,679,0,0,0,0,0,0
"Hesperia","San Bernardino County","California",92749,90173,62582,50418,13540,4592,0,0,0,0,0,0,0,0,0,0,0,0
"Hidden Hills","Los Angeles County","California",1919,1856,1875,1729,1760,1529,0,0,0,0,0,0,0,0,0,0,0,0
"Highland","San Bernardino County","California",54651,53104,44605,34439,10908,12669,0,0,0,0,0,0,0,0,0,0,0,0
"Hillsborough","San Mateo County","California",11413,10825,10825,10667,10372,8753,7554,3552,2747,1891,931,0,0,0,0,0,0,0
"Hollister","San Benito County","California",37086,34928,34413,19212,11488,7663,6071,4903,3881,3757,2781,2308,1315,1234,1034,0,0,0
"Holtville","Imperial County","California",6290,5939,5612,4820,4399,3496,3080,2472,1772,1758,1347,729,0,0,0,0,0,0
"Hughson","Stanislaus County","California",7227,6640,3980,3259,2943,2144,1898,0,0,0,0,0,0,0,0,0,0,0
"Huntington Beach","Orange County","California",200809,189992,189594,181519,170505,115960,11492,5237,3738,3690,0,0,0,0,0,0,0,0
"Huntington Park","Los Angeles County","California",59362,58114,61348,56065,45932,33744,29920,29450,28648,24591,4513,1299,0,0,0,0,0,0
"Huron","Fresno County","California",6806,6754,6306,4766,2768,1525,1269,0,0,0,0,0,0,0,0,0,0,0
"Imperial","Imperial County","California",16811,14758,7560,4113,3451,3094,2658,1759,1493,1943,1885,1257,0,0,0,0,0,0
"Imperial Beach","San Diego County","California",27149,26324,26992,26512,22689,20244,17773,0,0,0,0,0,0,0,0,0,0,0
"Indian Wells","Riverside County","California",5219,4958,3816,2647,1394,760,0,0,0,0,0,0,0,0,0,0,0,0
"Indio","Riverside County","California",85633,76036,49116,36793,21611,14459,9745,5300,2296,0,0,0,0,0,0,0,0,0
"Industry","Los Angeles County","California",208,219,777,631,412,712,778,0,0,0,0,0,0,0,0,0,0,0
"Inglewood","Los Angeles County","California",111905,109673,112580,109602,94162,89985,63390,46185,30114,19480,3286,1536,0,0,0,0,0,0
"Ione","Amador County","California",6983,7918,7129,6516,2207,2369,1118,0,0,0,0,0,0,0,686,0,0,0
"Irvine","Orange County","California",248531,212375,143072,110330,62134,0,0,0,0,0,0,0,0,0,0,0,0,0
"Irwindale","Los Angeles County","California",1431,1422,1446,1050,1030,784,1518,0,0,0,0,0,0,0,0,0,0,0
"Isleton","Sacramento County","California",828,804,828,833,914,909,1039,1597,1837,2090,0,0,0,0,0,0,0,0
"Jackson","Amador County","California",4604,4651,3989,3545,2331,1924,1852,1879,2024,2005,1601,2035,0,0,1040,0,0,0
"Jurupa Valley","Riverside County","California",98842,0,0,0,0,0,0,0,0,0,0,0,0,0,0,0,0,0
"Kerman","Fresno County","California",14394,13544,8551,5448,4002,2667,1970,1563,0,0,0,0,0,0,0,0,0,0
"King City","Monterey County","California",13580,12874,11094,7634,5495,3717,2937,2347,1768,1483,1048,0,0,0,0,0,0,0
"Kingsburg","Fresno County","California",11732,11382,9199,7205,5115,3843,3093,2310,1504,1322,1316,634,0,0,88,0,0,0
"La Cañada Flintridge","Los Angeles County","California",20662,20246,20318,19378,20153,20652,18338,0,0,0,0,0,0,0,0,0,0,0
"La Habra","Orange County","California",62066,60239,58974,51266,45232,41350,25136,4961,2499,2273,0,0,0,0,0,0,0,0
"La Habra Heights","Los Angeles County","California",5466,5325,5712,6226,4786,0,0,0,0,0,0,0,0,0,0,0,0,0
"La Mesa","San Diego County","California",59177,57065,54749,52931,50308,39178,30441,10946,3925,2513,1004,0,0,0,0,0,0,0
"La Mirada","Los Angeles County","California",49459,48527,46783,40452,40986,30808,22444,0,0,0,0,0,0,0,0,0,0,0
"La Palma","Orange County","California",15911,15568,15408,15392,15399,9687,622,0,0,0,0,0,0,0,0,0,0,0
"La Puente","Los Angeles County","California",40735,39816,41063,36955,30882,31092,24723,0,0,0,0,0,0,0,0,0,0,0
"La Quinta","Riverside County","California",39964,37467,23694,11215,3328,0,0,0,0,0,0,0,0,0,0,0,0,0
"La Verne","Los Angeles County","California",32288,31063,31638,30897,23508,12965,6516,4198,3092,2860,1698,0,0,0,0,0,0,0
"Lafayette","Contra Costa County","California",25473,23893,23908,23501,20837,20484,7114,0,0,0,0,0,0,0,0,0,0,0
"Laguna Beach","Orange County","California",23341,22723,23727,23170,17858,14550,9288,6661,4460,1981,0,0,0,0,0,0,0,0
"Laguna Hills","Orange County","California",30972,30344,31178,0,0,0,0,0,0,0,0,0,0,0,0,0,0,0
"Laguna Niguel","Orange County","California",65448,62979,61891,44400,12237,4644,0,0,0,0,0,0,0,0,0,0,0,0
"Laguna Woods","Orange County","California",16415,16192,16507,0,0,0,0,0,0,0,0,0,0,0,0,0,0,0
"Lake Elsinore ","Riverside County","California",60029,51821,28928,18285,5982,3530,2432,2068,1552,1350,633,488,279,0,0,0,0,0
"Lake Forest","Orange County","California",80148,77264,58707,0,0,0,0,0,0,0,0,0,0,0,0,0,0,0
"Lakeport","Lake County","California",4776,4753,4820,4390,3675,3005,2303,1983,1490,1318,1024,870,726,991,562,0,0,0
"Lakewood","Los Angeles County","California",81653,80048,79345,73557,74511,83025,67126,0,0,0,0,0,0,0,0,0,0,0
"Lancaster","Los Angeles County","California",161043,156633,118718,97291,48027,30948,26012,0,0,0,0,0,0,0,0,0,0,0
"Larkspur","Marin County","California",12325,11926,12014,11070,11064,10487,5710,2905,1558,1241,612,594,0,0,0,0,0,0
"Lathrop","San Joaquin County","California",20075,18023,10445,6841,3717,2137,1123,0,0,0,0,0,0,0,0,0,0,0
"Lawndale","Los Angeles County","California",33442,32769,31711,27331,23460,24825,16058,4364,2885,3119,0,0,0,0,0,0,0,0
"Lemon Grove","San Diego County","California",26511,25320,24918,23984,20780,19690,19348,0,0,0,0,0,0,0,0,0,0,0
"Lemoore","Kings County","California",25186,24531,19712,13622,8832,4219,2561,2153,1711,1399,1355,1000,0,0,463,0,0,0
"Lincoln","Placer County","California",45902,42819,11205,7248,4132,3176,3197,2410,2044,2094,1325,1402,1061,961,275,0,0,0
"Lindsay","Tulare County","California",13192,11768,10297,8338,6936,5206,5397,5060,4397,3878,2576,1814,0,0,0,0,0,0
"Live Oak","Sutter County","California",8488,8392,6229,4320,3103,2645,2276,1770,0,0,0,0,0,0,0,0,0,0
"Livermore","Alameda County","California",86870,80968,73345,56741,48349,37703,16058,4364,2885,3119,0,0,0,0,0,0,0,0
"Livingston","Merced County","California",13815,13058,10473,7317,5326,2588,2188,1502,895,803,0,0,0,0,0,0,0,0
"Lodi","San Joaquin County","California",63950,62134,56999,51874,35221,28691,22229,13798,11079,6788,4850,2697,0,0,606,0,0,0
"Loma Linda","San Bernardino County","California",23853,23261,18681,17400,10694,9797,0,0,0,0,0,0,0,0,0,0,0,0
"Lomita","Los Angeles County","California",20768,20256,20046,19382,18807,19784,14983,0,0,0,0,0,0,0,0,0,0,0
"Lompoc","Santa Barbara County","California",44013,42434,41103,37649,26267,25284,14415,5520,3379,2845,1876,1482,972,1015,226,0,0,0
"Long Beach","Los Angeles County","California",473577,462257,461522,429433,361498,358879,334168,250767,164271,142032,55593,17809,2252,564,0,0,0,0
"Loomis","Placer County","California",6728,6430,6260,5705,1284,1108,0,0,0,0,0,0,0,0,0,0,0,0
"Los Alamitos","Orange County","California",11716,11449,11536,11676,11529,11346,4312,0,0,0,0,0,0,0,0,0,0,0
"Los Altos","Santa Clara County","California",30288,28976,27693,26303,25769,25062,19696,0,0,0,0,0,0,0,0,0,0,0
"Los Altos Hills","Santa Clara County","California",8396,7922,7902,7514,7421,6871,3412,0,0,0,0,0,0,0,0,0,0,0
"Los Angeles","Los Angeles County","California",3928864,3792621,3694820,3485398,2968528,2811801,2479015,1970358,1504277,1238048,576673,319198,102479,50395,11183,5728,4385,1610
"Los Banos","Merced County","California",37126,35972,25869,14519,10341,9188,5272,3868,2214,1875,1276,745,0,0,0,0,0,0
"Los Gatos","Santa Clara County","California",30735,29413,28592,27357,26906,22613,9036,4907,3597,3168,2317,2232,1915,1652,555,0,0,0
"Loyalton","Sierra County","California",710,769,862,931,1030,945,936,911,925,837,442,983,0,0,84,0,0,0
"Lynwood","Los Angeles County","California",71839,69772,69845,61945,48289,43354,31614,25823,10982,7323,0,0,0,0,0,0,0,0
"Madera","Madera County","California",63605,61416,43207,29281,21732,16044,14430,10497,6457,4665,3444,2404,0,950,217,0,0,0
"Malibu","Los Angeles County","California",12958,12645,12575,0,0,0,0,0,0,0,0,0,0,0,0,0,0,0
"Mammoth Lakes","Mono County","California",8009,8234,7093,4785,3929,0,0,0,0,0,0,0,0,0,473,0,0,0
"Manhattan Beach","Los Angeles County","California",35881,35135,33852,32063,31542,35352,33934,17330,6398,1891,859,0,0,0,0,0,0,0
"Manteca","San Joaquin County","California",73494,67096,49258,40773,24925,13845,8242,3804,1981,1614,1286,0,0,0,0,0,0,0
"Maricopa","Kern County","California",1181,1154,1111,1193,946,740,648,800,670,1071,1121,0,0,0,0,0,0,0
"Marina","Monterey County","California",20817,19718,25101,26436,20647,8343,3310,0,0,0,0,0,0,0,0,0,0,0
"Martinez","Contra Costa County","California",37567,35824,35866,31808,22582,16506,9604,8268,7381,6569,3858,2115,1380,1609,0,0,0,0
"Marysville","Yuba County","California",12231,12072,12268,12324,9898,9353,9553,7826,6646,5763,5461,5430,3497,3991,4321,4738,0,0
"Maywood","Los Angeles County","California",27937,27395,28083,27850,21810,16996,14588,13292,10731,6794,0,0,0,0,0,0,0,0
"McFarland","Kern County","California",13605,12707,9618,7005,5151,4177,3686,0,0,0,0,0,0,0,0,0,0,0
"Mendota","Fresno County","California",11412,11014,7890,6821,5038,2705,2099,1516,0,0,0,0,0,0,0,0,0,0
"Menifee","Riverside County","California",85182,77519,0,0,0,0,0,0,0,0,0,0,0,0,0,0,0,0
"Menlo Park","San Mateo County","California",33309,32026,30785,28040,26438,26826,26957,13587,3258,2254,0,0,0,0,0,0,0,0
"Merced","Merced County","California",81743,78958,63893,56216,36423,22670,20068,15278,10135,7066,3974,3102,1969,2009,1446,0,0,0
"Mill Valley","Marin County","California",14403,13903,13600,13038,12967,12942,10411,7331,4847,4164,2554,2551,0,0,0,0,0,0
"Millbrae","San Mateo County","California",22703,21532,20718,20412,20058,20920,15873,8972,0,0,0,0,0,0,195,0,0,0
"Milpitas","Santa Clara County","California",73672,66790,62698,50686,37820,26561,6572,0,0,0,0,0,0,0,0,0,0,0
"Mission Viejo","Orange County","California",97209,93305,93102,72820,50666,11933,0,0,0,0,0,0,0,0,0,0,0,0
"Modesto","Stanislaus County","California",209286,201165,188856,164730,106963,61712,36585,17389,16379,13842,9241,4034,2024,2402,1693,0,0,0
"Monrovia","Los Angeles County","California",37415,36590,36929,35761,30531,30562,27079,20186,12807,10890,5480,3576,1205,907,0,0,0,0
"Montague","Siskiyou County","California",1397,1443,1456,1415,1285,890,782,579,463,507,453,274,0,0,0,0,0,0
"Montclair","San Bernardino County","California",38465,36664,33049,28434,22628,22546,13546,0,0,0,0,0,0,0,0,0,0,0
"Monte Sereno","Santa Clara County","California",3542,3341,3483,3287,3434,2847,1506,0,0,0,0,0,0,0,0,0,0,0
"Montebello","Los Angeles County","California",63929,62500,62150,59564,52929,42807,32097,21735,8016,5498,0,0,0,0,0,0,0,0
"Monterey","Monterey County","California",28276,27810,29674,31954,27558,26302,22618,16205,10084,9141,5479,4923,1748,1662,1396,1112,0,1092
"Monterey Park","Los Angeles County","California",61458,60269,60051,60738,54338,49166,37821,20395,8531,6406,4108,0,0,0,0,0,0,0
"Moorpark","Ventura County","California",35550,34421,31415,25494,4030,3380,2902,0,0,0,0,0,0,0,0,0,0,0
"Moraga","Contra Costa County","California",17032,16016,16290,15852,15014,14205,0,0,0,0,0,0,0,0,0,0,0,0
"Moreno Valley","Riverside County","California",202976,193365,142381,118779,0,0,0,0,0,0,0,0,0,0,0,0,0,0
"Morgan Hill","Santa Clara County","California",42068,37882,33556,23928,17060,5579,3151,1627,1014,908,646,607,0,0,0,0,0,0
"Morro Bay","San Luis Obispo County","California",10544,10234,10350,9664,9064,7109,3692,1659,0,0,0,0,0,0,0,0,0,0
"Mount Shasta","Siskiyou County","California",3285,3394,3621,3460,2837,2256,1936,1909,1618,1009,542,636,0,0,0,0,0,0
"Mountain View","Santa Clara County","California",79378,74066,70708,67460,58655,54132,30889,6563,3946,3308,0,0,0,0,0,0,0,0
"Murrieta","Riverside County","California",108368,103466,44282,1628,0,0,0,0,0,0,0,0,0,0,0,0,0,0
"Napa","Napa County","California",80011,76915,72585,61842,50879,36103,22170,13579,7740,6437,6757,5791,4036,4395,3731,1879,0,159
"National City","San Diego County","California",60343,58582,54260,54249,48772,43184,32771,21199,10344,7301,3116,1733,1086,1353,0,0,0,0
"Needles","San Bernardino County","California",4969,4844,4830,5191,4120,4051,4590,4051,3624,3144,2807,0,0,0,0,0,0,0
"Nevada City","Nevada County","California",3028,3068,3001,2855,2431,2314,2353,2505,2445,1701,1782,2689,3250,2524,4022,0,0,0
"Newark","Alameda County","California",44723,42573,42471,37861,32126,27153,9884,0,0,0,0,0,0,0,0,0,0,0
"Newman","Stanislaus County","California",10748,10224,7093,4151,2785,2505,2148,1815,1214,1269,1251,892,0,0,0,0,0,0
"Newport Beach","Orange County","California",87266,85186,70032,66643,62556,49582,26564,12120,4438,2203,894,445,0,0,0,0,0,0
"Norco","Riverside County","California",26959,27063,24157,23302,19732,14511,4964,1584,0,0,0,0,0,0,0,0,0,0
"Norwalk","Los Angeles County","California",107096,105549,103298,94279,84901,90164,88739,0,0,0,0,0,0,0,0,0,0,0
"Novato","Marin County","California",55005,51904,47630,47585,43916,31006,17881,0,0,0,0,0,0,0,0,0,0,0
"Oakdale","Stanislaus County","California",21854,20675,15503,11961,8474,6594,4980,4064,2592,2112,1745,1035,0,0,0,0,0,0
"Oakland","Alameda County","California",413775,390724,399484,372242,339337,361561,367548,384575,302163,284063,216261,150174,66960,48682,34555,10500,1543,0
"Oakley","Contra Costa County","California",39224,35432,25619,18374,2816,1306,0,0,0,0,0,0,0,0,0,0,0,0
"Oceanside","San Diego County","California",174558,167086,161029,128398,76698,40494,24971,12881,4651,3508,1161,673,330,0,0,0,0,0
"Ojai","Ventura County","California",7627,7461,7862,7613,6816,5591,4495,2519,1622,1468,0,0,0,0,0,0,0,0
"Ontario","San Bernardino County","California",169089,163924,158007,133179,88820,64118,46617,22872,14197,13583,7280,4274,722,683,0,0,0,0
"Orange","Orange County","California",139812,136416,128821,110658,91450,77365,26444,10027,7901,8066,4884,2920,1216,866,679,0,0,0
"Orange Cove","Fresno County","California",9584,9078,7722,5604,4026,3392,2885,2395,0,0,0,0,0,0,0,0,0,0
"Orinda","Contra Costa County","California",19003,17643,17599,16642,16825,6790,5568,0,0,0,0,0,0,0,0,0,0,0
"Orland","Glenn County","California",7512,7291,6281,5052,4031,2884,2534,2067,1366,1195,1582,836,0,0,292,0,0,0
"Oroville","Butte County","California",16220,15546,13004,11960,8683,7536,6115,5387,4421,3698,3340,3859,0,0,1743,0,0,0
"Oxnard","Ventura County","California",205437,197899,170358,142216,108195,71225,40265,21567,8519,6285,4417,2555,0,0,0,0,0,0
"Pacific Grove","Monterey County","California",15601,15041,15522,16117,15755,13505,12121,9623,6249,5558,2974,2384,0,0,0,0,0,0
"Pacifica","San Mateo County","California",39088,37234,38390,37670,36866,36020,20995,0,0,0,0,0,0,0,0,0,0,0
"Palm Desert","Riverside County","California",51202,48445,41155,23252,11801,0,0,0,0,0,0,0,0,0,0,0,0,0
"Palm Springs","Riverside County","California",46854,44552,42807,40181,32359,20936,13468,7660,3434,0,0,0,0,0,0,0,0,0
"Palmdale","Los Angeles County","California",158279,152750,116670,68842,12277,8511,11522,0,0,0,0,0,0,0,0,0,0,0
"Palo Alto","Santa Clara County","California",66955,64403,58598,55900,55225,56040,52287,25475,16774,13652,5900,4486,1658,0,0,0,0,0
"Palos Verdes Estates","Los Angeles County","California",13680,13438,13340,13512,14376,13631,9564,1963,987,0,0,0,0,0,0,0,0,0
"Paradise","Butte County","California",26449,26218,26408,25408,22571,14539,8268,0,0,0,0,0,0,0,0,0,0,0
"Paramount","Los Angeles County","California",55406,54098,55266,47669,36407,34734,27249,0,0,0,0,0,0,0,0,0,0,0
"Parlier","Fresno County","California",14990,14494,11145,7938,2902,1993,1366,1419,776,564,0,0,0,0,0,0,0,0
"Pasadena","Los Angeles County","California",140881,137122,133936,131591,118072,112951,116407,104577,81864,76086,45354,30291,9117,4882,0,0,0,0
"Patterson","Stanislaus County","California",21212,20413,11606,8626,3908,3147,2246,1343,1109,905,694,0,0,0,0,0,0,0
"Perris","Riverside County","California",73756,68386,36189,21460,6827,4228,2950,1807,1011,763,499,0,0,0,0,0,0,0
"Petaluma","Sonoma County","California",59953,57941,54548,43184,33834,24870,14035,10315,8034,8245,6226,5880,3871,3692,3326,0,0,0
"Pico Rivera","Los Angeles County","California",64235,62942,63428,59177,53387,54170,49150,0,0,0,0,0,0,0,0,0,0,0
"Piedmont","Alameda County","California",11236,10667,10952,10602,10498,10917,11117,10132,9866,9333,4282,1719,0,634,0,0,0,0
"Pinole","Contra Costa County","California",19100,18390,19039,17460,14253,13266,6064,1147,934,781,967,798,0,0,0,0,0,0
"Pismo Beach","San Luis Obispo County","California",7931,7655,8551,7669,5364,4043,1762,1425,0,0,0,0,0,0,0,0,0,0
"Pittsburg","Contra Costa County","California",68140,63264,56769,47564,33465,21423,19062,12763,9520,9610,4715,2372,0,0,0,0,0,0
"Placentia","Orange County","California",52397,50533,46488,41259,35041,21948,5861,1682,1472,1606,0,0,0,0,0,0,0,0
"Placerville","El Dorado County","California",10556,10389,9610,8355,6739,5416,4439,3749,3064,2322,1650,1914,1748,1690,1951,1562,2466,0
"Pleasant Hill","Contra Costa County","California",34497,33152,32837,31585,25547,24610,23844,5686,0,0,0,0,0,0,0,0,0,0
"Pleasanton","Alameda County","California",77682,70285,63654,50553,35160,18328,4203,2244,1278,1237,991,1254,1100,0,0,0,0,0
"Plymouth","Amador County","California",961,1005,980,811,699,501,489,382,460,343,657,0,0,0,740,0,0,0
"Point Arena","Mendocino County","California",453,449,474,407,425,424,596,372,374,385,394,497,0,0,0,0,0,0
"Pomona","Los Angeles County","California",153350,149058,149473,131723,92742,87384,67157,35405,23539,20804,13505,10207,5526,3634,0,0,0,0
"Port Hueneme","Ventura County","California",22139,21723,21845,20319,17803,14295,11067,3024,0,0,0,0,0,0,0,0,0,0
"Porterville","Tulare County","California",55466,54165,39615,29563,19707,12602,7991,6904,6270,5303,4097,2696,0,0,202,0,0,0
"Portola","Plumas County","California",1928,2104,2227,2193,1885,1625,1874,2261,0,0,0,0,0,0,0,0,0,0
"Portola Valley","San Mateo County","California",4570,4353,4462,4194,3939,4996,0,0,0,0,0,0,0,0,0,0,0,0
"Poway","San Diego County","California",49848,47811,48044,43516,32263,9422,1921,0,0,0,0,0,0,0,0,0,0,0
"Rancho Cordova","Sacramento County","California",69740,64776,55060,48731,42881,30451,7429,0,0,0,0,0,0,0,0,0,0,0
"Rancho Cucamonga","San Bernardino County","California",174305,165269,127743,101409,55250,0,0,0,0,0,0,0,0,0,0,0,0,0
"Rancho Mirage","Riverside County","California",17982,17218,13249,9778,6281,1298,0,0,0,0,0,0,0,0,0,0,0,0
"Rancho Palos Verdes","Los Angeles County","California",42726,41643,41145,41659,36577,0,0,0,0,0,0,0,0,0,0,0,0,0
"Rancho Santa Margarita","Orange County","California",49359,47853,47214,11390,0,0,0,0,0,0,0,0,0,0,0,0,0,0
"Red Bluff","Tehama County","California",14057,14076,13147,12363,9490,7676,7202,4905,3824,3517,3104,3530,2750,2608,2106,0,0,0
"Redding","Shasta County","California",91593,89861,80865,66462,42103,16659,12773,10256,8109,4188,2962,3572,2946,1821,600,0,0,0
"Redlands","San Bernardino County","California",70622,68747,63591,60394,43619,36355,26829,18429,14324,14177,9571,10449,4797,1904,0,0,0,0
"Redondo Beach","Los Angeles County","California",68149,66748,63261,60167,57102,57451,46986,25226,13092,9347,4913,2935,855,603,0,0,0,0
"Redwood City","San Mateo County","California",82881,76815,75402,66072,54951,55686,46290,25544,12453,8962,4020,2442,1653,1572,1383,727,0,0
"Reedley","Fresno County","California",25426,24194,20756,15791,11071,8131,5850,4135,3170,2589,2447,0,0,0,0,0,0,0
"Rialto","San Bernardino County","California",102741,99171,91873,72388,37862,28370,18567,3156,1770,1642,961,0,0,0,0,0,0,0
"Richmond","Contra Costa County","California",108565,103701,99216,87425,74676,79043,71854,99545,23642,20093,16843,6802,0,0,0,0,0,0
"Ridgecrest","Kern County","California",28726,27616,24927,27725,15929,7629,5099,2028,0,0,0,0,0,0,0,0,0,0
"Rio Dell","Humboldt County","California",3377,3368,3174,3012,2687,2817,3222,1862,0,0,0,0,0,0,0,0,0,0
"Rio Vista","Solano County","California",8070,7360,4571,3316,3142,3135,2616,1831,1666,1309,1104,884,682,648,666,0,0,0
"Ripon","San Joaquin County","California",14966,14297,10146,7455,3509,2679,1894,1550,0,0,0,0,0,0,0,0,0,0
"Riverbank","Stanislaus County","California",23798,22678,15826,8547,5695,3949,2786,2662,1130,803,0,0,0,0,0,0,0,0
"Riverside","Riverside County","California",319504,303871,255166,226505,170591,140089,84332,46764,34696,29696,19341,15212,7973,4683,0,0,0,0
"Rocklin","Placer County","California",60344,56974,36330,19033,7344,3039,1495,1155,795,724,643,1026,1050,1056,624,0,0,0
"Rohnert Park","Sonoma County","California",42262,40971,42236,36326,22965,6133,0,0,0,0,0,0,0,0,0,0,0,0
"Rolling Hills","Los Angeles County","California",1902,1860,1871,1871,2049,2050,1664,0,0,0,0,0,0,0,0,0,0,0
"Rolling Hills Estates","Los Angeles County","California",8251,8067,7676,7789,7701,6735,3941,0,0,0,0,0,0,0,0,0,0,0
"Rosemead","Los Angeles County","California",54947,53764,53505,51638,42604,40972,15476,0,0,0,0,0,0,0,0,0,0,0
"Roseville","Placer County","California",128615,118788,79921,44685,24347,18221,13421,8723,6653,6425,4477,2608,0,0,258,0,0,0
"Ross","Marin County","California",2483,2415,2329,2123,2801,2742,2551,2179,1751,1355,727,556,0,0,252,0,0,0
"Sacramento","Sacramento County","California",485199,466488,407018,369365,275741,257105,191667,137572,105958,93750,65908,44696,29282,26386,21420,16283,13785,6820
"Salinas","Monterey County","California",156677,150441,151060,108777,80479,58896,28957,13917,11586,10263,4308,3736,3304,2339,0,0,0,0
"San Anselmo","Marin County","California",12676,12336,12378,11743,12067,13031,11584,9188,5790,4650,2475,1531,0,0,0,0,0,0
"San Bernardino","San Bernardino County","California",215213,209924,185401,164164,118794,106869,91922,63058,43646,37481,18721,12779,6150,4012,1673,0,0,0
"San Bruno","San Mateo County","California",43009,41114,40165,38961,35417,36254,29063,12478,6519,3610,1562,0,0,0,0,0,0,0
"San Buenaventura (Ventura)","Ventura County","California",109484,106433,100916,92575,73774,57964,29114,16534,13264,11603,4156,2901,2470,2320,1370,0,0,0
"San Carlos","San Mateo County","California",29803,28406,27718,26167,24710,26053,21370,14371,3520,1132,0,0,0,0,0,0,0,0
"San Clemente","Orange County","California",65326,63522,49936,41100,27325,17063,8527,2008,479,667,0,0,0,0,0,0,0,0
"San Diego","San Diego County","California",1381069,1307402,1223400,1110549,875538,697471,573224,334387,203341,147995,74361,39578,17700,16159,2637,2300,731,0
"San Dimas","Los Angeles County","California",34637,33371,34980,32397,24014,15692,0,0,0,0,0,0,0,0,0,0,0,0
"San Fernando","Los Angeles County","California",24587,23645,23564,22580,17731,16571,16093,12992,9094,7567,3204,0,0,0,0,0,0,0
"San Francisco","San Francisco County","California",852469,805235,776733,723959,678974,715674,740316,775357,634536,634394,506676,416912,342782,298997,233959,149473,56802,0
"San Gabriel","Los Angeles County","California",40519,39718,39804,37120,30072,29336,22561,20343,11867,7224,2640,0,0,0,0,0,0,0
"San Jacinto","Riverside County","California",46490,44199,23779,16210,7098,4385,2553,1778,1356,1346,945,898,583,661,0,0,0,0
"San Joaquin","Fresno County","California",4019,4001,3270,2311,1930,1506,879,632,240,163,0,0,0,0,0,0,0,0
"San Jose","Santa Clara County","California",1015785,945942,894943,782248,629400,459913,204196,95280,68457,57651,39642,28946,21500,18060,12567,9089,0,0
"San Juan Bautista","San Benito County","California",1937,1862,1549,1570,1276,1164,1046,1031,678,772,501,326,449,463,484,0,0,0
"San Juan Capistrano","Orange County","California",36282,34593,33826,26183,18959,3781,1120,0,0,0,0,0,0,0,376,0,0,0
"San Leandro","Alameda County","California",89351,84950,79452,68223,63952,68698,65962,27542,14601,11455,5703,3471,2253,0,1369,426,0,0
"San Luis Obispo","San Luis Obispo County","California",46730,45119,44174,41958,34252,28036,20437,14180,8881,8276,5895,5157,3021,2995,2243,0,0,0
"San Marcos","San Diego County","California",92929,83781,54977,38974,17479,3896,0,0,0,0,0,0,0,0,0,0,0,0
"San Marino","Los Angeles County","California",13423,13147,12945,12959,13307,14177,13658,11230,8175,3730,584,0,0,0,0,0,0,0
"San Mateo","San Mateo County","California",102893,97207,92482,85486,77640,78991,69870,41782,19403,13444,5979,4384,1832,0,932,0,0,0
"San Pablo","Contra Costa County","California",30050,29139,30215,25158,19750,21461,19687,14476,0,0,0,0,0,0,0,0,0,0
"San Rafael","Marin County","California",59237,57713,56063,48404,44700,38977,20460,13848,8573,8022,5512,5934,3879,3290,2276,841,0,0
"San Ramon","Contra Costa County","California",75332,72148,44722,35303,22356,4084,0,0,0,0,0,0,0,0,75,0,0,0
"Sand City","Monterey County","California",338,334,261,192,182,212,0,0,0,0,0,0,0,0,0,0,0,0
"Sanger","Fresno County","California",24810,24270,18931,16839,12542,10088,8072,6400,4017,2967,2578,0,0,0,0,0,0,0
"Santa Ana","Orange County","California",334909,324528,337977,293742,204023,155710,100350,45533,31921,30322,15485,8429,4933,3628,711,0,0,0
"Santa Barbara","Santa Barbara County","California",91196,88410,92325,85571,74414,70215,58768,44854,34958,33613,19441,11659,6587,5864,3460,0,0,0
"Santa Clara","Santa Clara County","California",122192,116468,102361,93613,87700,86118,58880,11702,6650,6302,5220,4348,3650,2891,2416,0,0,0
"Santa Clarita","Los Angeles County","California",181557,176320,151088,110642,0,0,0,0,0,0,0,0,0,0,0,0,0,0
"Santa Cruz","Santa Cruz County","California",63364,59946,54593,49040,41483,32076,25596,21970,16896,14395,10917,11146,5659,5596,3898,2561,950,0
"Santa Fe Springs","Los Angeles County","California",17537,16223,17438,15520,14520,14750,16342,0,0,0,0,0,0,0,0,0,0,0
"Santa Maria","Santa Barbara County","California",103410,99553,77423,61284,39685,32749,20027,10440,8522,7057,3943,2260,0,0,0,0,0,0
"Santa Monica","Los Angeles County","California",92987,89736,84084,86905,88314,88289,83249,71595,53500,37146,15252,7847,3057,1580,417,0,0,0
"Santa Paula","Ventura County","California",30441,29321,28598,25062,20658,18001,13279,11049,8986,7452,3967,2216,0,0,0,0,0,0
"Santa Rosa","Sonoma County","California",174170,167815,147595,113313,82658,50006,31027,17902,12605,10636,8758,7817,6673,5220,3616,0,425,0
"Santee","San Diego County","California",57052,53413,52975,52902,47080,21107,0,0,0,0,0,0,0,0,0,0,0,0
"Saratoga","Santa Clara County","California",31001,29926,29843,28061,29261,26810,14861,0,0,0,0,0,0,0,297,0,0,0
"Sausalito","Marin County","California",7135,7061,7330,7152,7338,6158,5331,4828,354,3667,2790,2383,1628,1334,476,0,0,0
"Scotts Valley","Santa Cruz County","California",11858,11580,11385,8615,6891,3621,0,0,0,0,0,0,0,0,0,0,0,0
"Seal Beach","Orange County","California",24662,24168,24157,25098,25975,24441,6994,3553,1553,1156,669,0,0,0,0,0,0,0
"Seaside","Monterey County","California",34182,33025,31696,38901,36567,36883,19353,0,0,0,0,0,0,0,0,0,0,0
"Sebastopol","Sonoma County","California",7659,7379,7774,7004,5595,3993,2694,2601,1856,1762,1493,1233,0,0,197,0,0,0
"Selma","Fresno County","California",24283,23219,19444,14757,10942,7459,6934,5964,3667,3047,3158,1750,1083,1150,0,0,0,0
"Shafter","Kern County","California",17559,16988,12736,8409,7010,5327,4576,2207,1258,0,0,0,0,0,0,0,0,0
"Shasta Lake","Shasta County","California",10166,10164,9008,0,0,0,0,0,0,0,0,0,0,0,0,0,0,0
"Sierra Madre","Los Angeles County","California",11165,10917,10578,10762,10837,12140,9732,7273,4581,3550,2026,1303,0,0,0,0,0,0
"Signal Hill","Los Angeles County","California",11526,11016,9333,8371,5734,5588,4627,4040,3184,2932,0,0,0,0,0,0,0,0
"Simi Valley","Ventura County","California",126871,124237,111351,100217,77500,59832,0,0,0,0,0,0,0,0,0,0,0,0
"Solana Beach","San Diego County","California",13337,12867,12979,12962,13047,5023,0,0,0,0,0,0,0,0,0,0,0,0
"Soledad","Monterey County","California",25336,25738,11263,7146,5928,4222,2837,2441,861,594,0,0,0,0,136,0,0,0
"Solvang","Santa Barbara County","California",5506,5245,5332,4741,3091,2004,1325,0,0,0,0,0,0,0,0,0,0,0
"Sonoma","Sonoma County","California",11017,10648,9128,8121,6054,4259,3023,2015,1158,980,801,957,652,757,0,0,0,0
"Sonora","Tuolumne County","California",4802,4903,4423,4153,3247,3100,2725,2448,2257,2278,1684,2029,1922,1441,1492,1322,1960,0
"South El Monte","Los Angeles County","California",20569,20116,21144,20850,16623,13443,4850,0,0,0,0,0,0,0,0,0,0,0
"South Gate","Los Angeles County","California",96312,94396,96375,86284,66784,56909,53831,51116,26945,19632,0,0,0,0,0,0,0,0
"South Lake Tahoe","El Dorado County","California",21529,21403,23609,21586,20681,12921,0,0,0,0,0,0,0,0,0,0,0,0
"South Pasadena","Los Angeles County","California",26156,25619,24292,23936,22681,22979,19706,16935,14356,13730,7652,4649,1001,623,0,0,0,0
"South San Francisco","San Mateo County","California",67009,63632,60552,54312,49393,46646,39418,19351,6629,6193,4411,1989,0,0,0,0,0,0
"St. Helena","Napa County","California",5987,5814,5950,4990,4898,3173,2722,2297,1758,1582,1346,1603,1582,1705,1339,0,0,0
"Stanton","Orange County","California",38719,38186,37403,30491,23723,18186,11163,0,0,0,0,0,0,0,0,0,0,0
"Stockton","San Joaquin County","California",302389,291707,243771,210943,148283,109963,86321,70853,54714,47963,40296,23253,17506,14424,10282,10066,3679,0
"Suisun City","Solano County","California",29256,28111,26118,22686,11087,2917,2470,946,706,905,769,641,625,499,554,462,0,0
"Sunnyvale","Santa Clara County","California",149980,140081,131760,117229,106618,95976,59898,9829,4373,3094,0,0,0,0,0,0,0,0
"Susanville","Lassen County","California",15543,17947,13541,7279,6520,6608,5598,5338,1575,1358,918,688,0,0,0,0,0,0
"Sutter Creek","Amador County","California",2467,2501,2303,1835,1705,1508,1161,1151,1134,1013,920,0,0,0,1324,0,0,0
"Taft","Kern County","California",8909,9327,6400,5902,5316,4285,3822,3707,3205,3442,3317,0,0,0,0,0,0,0
"Tehachapi","Kern County","California",13236,14414,10957,5791,4126,4211,3161,1685,1264,736,458,385,0,0,0,0,0,0
"Tehama","Tehama County","California",414,418,432,401,365,317,261,314,175,190,196,221,0,0,328,0,0,0
"Temecula","Riverside County","California",109428,100097,57716,27099,1783,0,0,0,0,0,0,0,0,0,0,0,0,0
"Temple City","Los Angeles County","California",36334,35558,33377,31100,28972,31034,31838,0,0,0,0,0,0,0,0,0,0,0
"Thousand Oaks","Ventura County","California",129342,126683,117005,104352,77072,35873,2934,1243,0,0,0,0,0,0,0,0,0,0
"Tiburon","Marin County","California",9224,8962,8666,7532,6685,6209,0,0,0,0,0,0,0,0,0,0,0,0
"Torrance","Los Angeles County","California",148495,145438,137946,133107,129881,134968,100991,22241,9950,7271,0,0,0,0,0,0,0,0
"Tracy","San Joaquin County","California",85841,82922,56929,33558,18428,14724,11289,8410,4056,3829,0,0,0,0,0,0,0,0
"Trinidad","Humboldt County","California",357,367,311,362,379,300,289,188,94,107,0,0,0,0,0,0,0,0
"Truckee","Nevada County","California",16297,16180,13864,3484,2389,1392,0,0,0,0,0,0,0,0,1147,0,0,0
"Tulare","Tulare County","California",61867,59278,43994,33249,22530,16235,13824,12445,8259,6207,3539,2758,2216,2697,447,0,0,0
"Tulelake","Siskiyou County","California",989,1010,1020,1010,783,857,950,1028,785,0,0,0,0,0,0,0,0,0
"Turlock","Stanislaus County","California",71245,68549,55810,42198,26287,13992,9116,6235,4839,4276,3394,1573,0,0,175,0,0,0
"Tustin","Orange County","California",80621,75540,67504,50689,32248,22190,2006,1143,953,926,0,0,0,0,227,0,0,0
"Twentynine Palms","San Bernardino County","California",25902,25048,14764,11821,7465,5667,0,0,0,0,0,0,0,0,0,0,0,0
"Ukiah","Mendocino County","California",15977,16075,15497,14599,12035,10095,9900,6120,3731,3124,2305,2136,1850,1627,933,0,0,0
"Union City","Alameda County","California",73621,69516,66869,53762,39406,14724,6618,0,0,0,0,0,0,0,0,0,0,0
"Upland","San Bernardino County","California",76043,73732,68393,63374,47647,32551,15918,9203,6316,4713,2912,2384,0,0,0,0,0,0
"Vacaville","Solano County","California",95856,92428,88625,71479,43367,21690,10898,3169,1614,1556,1254,1177,1220,725,361,0,0,0
"Vallejo","Solano County","California",120228,115942,116760,109199,80303,71710,60877,26038,20072,16072,21107,11340,7965,6343,5987,0,0,0
"Vernon","Los Angeles County","California",114,112,91,152,90,261,229,432,850,1269,1005,772,0,0,0,0,0,0
"Victorville","San Bernardino County","California",121901,115903,64029,40674,14220,10845,0,0,0,0,0,0,0,0,0,0,0,0
"Villa Park","Orange County","California",5968,5812,5999,6299,7137,2723,0,0,0,0,0,0,0,0,0,0,0,0
"Visalia","Tulare County","California",129281,124442,91565,75636,49729,27130,15791,11749,8904,7263,5753,4550,3085,2885,1412,913,548,0
"Vista","San Diego County","California",98079,93834,89857,71872,35834,24688,14795,1705,0,0,0,0,0,0,0,0,0,0
"Walnut","Los Angeles County","California",30214,29172,30004,29105,12478,5992,934,0,0,0,0,0,0,0,0,0,0,0
"Walnut Creek","Contra Costa County","California",67673,64173,64296,60569,54033,39844,9903,2420,1578,1014,538,0,0,0,94,0,0,0
"Wasco","Kern County","California",26303,25545,21263,12412,9613,8269,6841,5592,0,0,0,0,0,0,0,0,0,0
"Waterford","Stanislaus County","California",8732,8456,6924,4771,2683,2243,1780,1777,0,0,0,0,0,0,63,0,0,0
"Watsonville","Santa Cruz County","California",53111,51199,44265,31099,23662,14719,13293,11572,8937,8344,5013,4446,3528,2149,1799,1151,398,0
"Weed","Siskiyou County","California",2865,2967,2978,3062,2879,2983,3223,2739,0,0,0,0,0,0,0,0,0,0
"West Covina","Los Angeles County","California",108455,106098,105080,96086,80292,68034,50645,4499,1072,769,0,0,0,0,0,0,0,0
"West Hollywood","Los Angeles County","California",35883,34399,35716,36118,35703,34622,28870,0,0,0,0,0,0,0,0,0,0,0
"West Sacramento","Yolo County","California",51847,48744,31615,28898,10875,12002,0,0,0,0,0,0,0,0,0,0,0,0
"Westlake Village","Los Angeles County","California",8473,8270,8368,7455,0,0,0,0,0,0,0,0,0,0,0,0,0,0
"Westminster","Orange County","California",92068,89701,88207,78118,71133,60076,33663,23433,16115,14822,7997,4550,1590,585,0,0,0,0
"Westmorland","Imperial County","California",2268,2225,2131,1380,1590,1175,1404,1213,1010,0,0,0,0,0,0,0,0,0
"Wheatland","Yuba County","California",3484,3456,2275,1631,1474,1280,813,581,496,479,435,481,492,630,635,0,0,0
"Whittier","Los Angeles County","California",87318,85331,83680,77671,68558,72863,33663,23433,16115,14822,7997,4550,1590,585,0,0,0,0
"Wildomar","Riverside County","California",35377,32176,14064,10411,0,0,0,0,0,0,0,0,0,0,0,0,0,0
"Williams","Colusa County","California",5192,5123,3670,2297,1655,1571,1370,1134,814,851,0,0,0,0,279,0,0,0
"Willits","Mendocino County","California",4861,4888,5073,5027,4008,3091,3410,2691,1625,1424,1468,1153,791,815,153,0,0,0
"Willows","Glenn County","California",6088,6166,6220,5988,4777,4085,4139,3019,2215,2024,2190,1139,893,1176,728,0,0,0
"Windsor","Sonoma County","California",27414,26801,22744,13371,0,0,0,0,0,0,0,0,0,0,120,0,0,0
"Winters","Yolo County","California",6941,6624,6125,4639,2652,2419,1700,1265,1133,896,903,910,785,0,523,0,0,0
"Woodlake","Tulare County","California",7659,7279,6651,5678,4343,3371,2623,2525,1146,0,0,0,0,0,0,0,0,0
"Woodland","Yolo County","California",57432,55468,49151,39802,30235,20677,13524,9386,6637,5542,4147,3187,2886,3069,0,0,0,0
"Woodside","San Mateo County","California",5531,5287,5352,5035,5291,4734,3592,0,0,0,0,0,0,0,0,0,0,0
"Yorba Linda","Orange County","California",67826,64234,58918,52422,28254,11856,1198,0,0,0,0,0,0,0,0,0,0,0
"Yountville","Napa County","California",3014,2933,2916,3259,2893,2332,0,0,0,0,0,0,0,0,0,0,0,0
"Yreka","Siskiyou County","California",7564,7765,7290,6948,5916,5394,4759,3227,2485,2126,1277,1134,1254,1100,1059,1063,1327,0
"Yuba City","Sutter County","California",65773,64925,36758,27437,18736,13986,11507,7861,4968,3605,1708,1160,0,0,0,0,0,0
"Yucaipa","San Bernardino County","California",53096,51367,41207,32824,23345,19284,0,0,0,0,0,0,0,0,0,0,0,0
"Yucca Valley","San Bernardino County","California",21485,20700,16865,13701,8294,3893,0,0,0,0,0,0,0,0,0,0,0,0
